Timestamp,Close
2017-08-17 05:30:00,4285.08
2017-08-18 05:30:00,4108.37
2017-08-19 05:30:00,4139.98
2017-08-20 05:30:00,4086.29
2017-08-21 05:30:00,4016.0
2017-08-22 05:30:00,4040.0
2017-08-23 05:30:00,4114.01
2017-08-24 05:30:00,4316.01
2017-08-25 05:30:00,4280.68
2017-08-26 05:30:00,4337.44
2017-08-27 05:30:00,4310.01
2017-08-28 05:30:00,4386.69
2017-08-29 05:30:00,4587.48
2017-08-30 05:30:00,4555.14
2017-08-31 05:30:00,4724.89
2017-09-01 05:30:00,4834.91
2017-09-02 05:30:00,4472.14
2017-09-03 05:30:00,4509.08
2017-09-04 05:30:00,4100.11
2017-09-05 05:30:00,4366.47
2017-09-06 05:30:00,4619.77
2017-09-07 05:30:00,4691.61
2017-09-08 05:30:00,4282.8
2017-09-09 05:30:00,4258.81
2017-09-10 05:30:00,4130.37
2017-09-11 05:30:00,4208.47
2017-09-12 05:30:00,4163.72
2017-09-13 05:30:00,3944.69
2017-09-14 05:30:00,3189.02
2017-09-15 05:30:00,3700.0
2017-09-16 05:30:00,3714.95
2017-09-17 05:30:00,3699.99
2017-09-18 05:30:00,4035.01
2017-09-19 05:30:00,3910.04
2017-09-20 05:30:00,3900.0
2017-09-21 05:30:00,3609.99
2017-09-22 05:30:00,3595.87
2017-09-23 05:30:00,3780.0
2017-09-24 05:30:00,3660.02
2017-09-25 05:30:00,3920.75
2017-09-26 05:30:00,3882.35
2017-09-27 05:30:00,4193.0
2017-09-28 05:30:00,4174.5
2017-09-29 05:30:00,4174.69
2017-09-30 05:30:00,4378.51
2017-10-01 05:30:00,4378.48
2017-10-02 05:30:00,4380.0
2017-10-03 05:30:00,4310.0
2017-10-04 05:30:00,4208.59
2017-10-05 05:30:00,4292.43
2017-10-06 05:30:00,4369.0
2017-10-07 05:30:00,4423.0
2017-10-08 05:30:00,4640.0
2017-10-09 05:30:00,4786.95
2017-10-10 05:30:00,4783.06
2017-10-11 05:30:00,4821.43
2017-10-12 05:30:00,5430.0
2017-10-13 05:30:00,5649.98
2017-10-14 05:30:00,5869.99
2017-10-15 05:30:00,5709.99
2017-10-16 05:30:00,5760.02
2017-10-17 05:30:00,5595.0
2017-10-18 05:30:00,5512.06
2017-10-19 05:30:00,5683.9
2017-10-20 05:30:00,6010.01
2017-10-21 05:30:00,6024.97
2017-10-22 05:30:00,5950.02
2017-10-23 05:30:00,5915.93
2017-10-24 05:30:00,5477.03
2017-10-25 05:30:00,5689.99
2017-10-26 05:30:00,5861.77
2017-10-27 05:30:00,5768.83
2017-10-28 05:30:00,5719.64
2017-10-29 05:30:00,6169.98
2017-10-30 05:30:00,6120.5
2017-10-31 05:30:00,6463.0
2017-11-01 05:30:00,6753.98
2017-11-02 05:30:00,7019.98
2017-11-03 05:30:00,7115.04
2017-11-04 05:30:00,7357.09
2017-11-05 05:30:00,7345.01
2017-11-06 05:30:00,6960.12
2017-11-07 05:30:00,7064.04
2017-11-08 05:30:00,7303.0
2017-11-09 05:30:00,7079.99
2017-11-10 05:30:00,6506.98
2017-11-11 05:30:00,6245.05
2017-11-12 05:30:00,5811.03
2017-11-13 05:30:00,6465.99
2017-11-14 05:30:00,6574.99
2017-11-15 05:30:00,7240.06
2017-11-16 05:30:00,7864.5
2017-11-17 05:30:00,7699.19
2017-11-18 05:30:00,7761.94
2017-11-19 05:30:00,8038.0
2017-11-20 05:30:00,8212.0
2017-11-21 05:30:00,8119.51
2017-11-22 05:30:00,8205.92
2017-11-23 05:30:00,8019.99
2017-11-24 05:30:00,8138.0
2017-11-25 05:30:00,8700.01
2017-11-26 05:30:00,9128.02
2017-11-27 05:30:00,9650.0
2017-11-28 05:30:00,9896.8
2017-11-29 05:30:00,9687.88
2017-11-30 05:30:00,9838.96
2017-12-01 05:30:00,10782.99
2017-12-02 05:30:00,10890.01
2017-12-03 05:30:00,11165.41
2017-12-04 05:30:00,11579.0
2017-12-05 05:30:00,11699.99
2017-12-06 05:30:00,13550.05
2017-12-07 05:30:00,16599.0
2017-12-08 05:30:00,15880.0
2017-12-09 05:30:00,14656.07
2017-12-10 05:30:00,14899.98
2017-12-11 05:30:00,16587.97
2017-12-12 05:30:00,16349.99
2017-12-13 05:30:00,16033.29
2017-12-14 05:30:00,16334.98
2017-12-15 05:30:00,17539.83
2017-12-16 05:30:00,19102.66
2017-12-17 05:30:00,18860.02
2017-12-18 05:30:00,18856.25
2017-12-19 05:30:00,17295.2
2017-12-20 05:30:00,16488.98
2017-12-21 05:30:00,15492.64
2017-12-22 05:30:00,13326.61
2017-12-23 05:30:00,13300.0
2017-12-24 05:30:00,13500.0
2017-12-25 05:30:00,13699.34
2017-12-26 05:30:00,15689.01
2017-12-27 05:30:00,15459.99
2017-12-28 05:30:00,14182.11
2017-12-29 05:30:00,14378.9
2017-12-30 05:30:00,12440.01
2017-12-31 05:30:00,13716.36
2018-01-01 05:30:00,13380.0
2018-01-02 05:30:00,14675.11
2018-01-03 05:30:00,14919.51
2018-01-04 05:30:00,15059.54
2018-01-05 05:30:00,16960.39
2018-01-06 05:30:00,17069.79
2018-01-07 05:30:00,16150.03
2018-01-08 05:30:00,14902.54
2018-01-09 05:30:00,14400.0
2018-01-10 05:30:00,14907.09
2018-01-11 05:30:00,13238.78
2018-01-12 05:30:00,13740.01
2018-01-13 05:30:00,14210.0
2018-01-14 05:30:00,13474.99
2018-01-15 05:30:00,13539.93
2018-01-16 05:30:00,10900.0
2018-01-17 05:30:00,10988.79
2018-01-18 05:30:00,10961.97
2018-01-19 05:30:00,11474.98
2018-01-20 05:30:00,12799.94
2018-01-21 05:30:00,11530.0
2018-01-22 05:30:00,10760.05
2018-01-23 05:30:00,10799.18
2018-01-24 05:30:00,11349.99
2018-01-25 05:30:00,11175.27
2018-01-26 05:30:00,11089.0
2018-01-27 05:30:00,11491.0
2018-01-28 05:30:00,11879.95
2018-01-29 05:30:00,11251.0
2018-01-30 05:30:00,10237.51
2018-01-31 05:30:00,10285.1
2018-02-01 05:30:00,9224.52
2018-02-02 05:30:00,8873.03
2018-02-03 05:30:00,9199.96
2018-02-04 05:30:00,8184.81
2018-02-05 05:30:00,6939.99
2018-02-06 05:30:00,7652.14
2018-02-07 05:30:00,7599.0
2018-02-08 05:30:00,7784.02
2018-02-09 05:30:00,8683.92
2018-02-10 05:30:00,8533.98
2018-02-11 05:30:00,8063.88
2018-02-12 05:30:00,8903.0
2018-02-13 05:30:00,8539.9
2018-02-14 05:30:00,9449.99
2018-02-15 05:30:00,10000.09
2018-02-16 05:30:00,10159.98
2018-02-17 05:30:00,11039.55
2018-02-18 05:30:00,10383.43
2018-02-19 05:30:00,11153.0
2018-02-20 05:30:00,11200.99
2018-02-21 05:30:00,10437.6
2018-02-22 05:30:00,9811.04
2018-02-23 05:30:00,10131.04
2018-02-24 05:30:00,9694.51
2018-02-25 05:30:00,9590.0
2018-02-26 05:30:00,10324.0
2018-02-27 05:30:00,10569.04
2018-02-28 05:30:00,10326.76
2018-03-01 05:30:00,10920.0
2018-03-02 05:30:00,11039.0
2018-03-03 05:30:00,11464.48
2018-03-04 05:30:00,11515.0
2018-03-05 05:30:00,11454.0
2018-03-06 05:30:00,10716.48
2018-03-07 05:30:00,9910.0
2018-03-08 05:30:00,9271.64
2018-03-09 05:30:00,9227.0
2018-03-10 05:30:00,8770.22
2018-03-11 05:30:00,9533.57
2018-03-12 05:30:00,9131.34
2018-03-13 05:30:00,9150.0
2018-03-14 05:30:00,8170.0
2018-03-15 05:30:00,8240.98
2018-03-16 05:30:00,8260.0
2018-03-17 05:30:00,7824.8
2018-03-18 05:30:00,8189.99
2018-03-19 05:30:00,8600.0
2018-03-20 05:30:00,8909.98
2018-03-21 05:30:00,8885.0
2018-03-22 05:30:00,8722.9
2018-03-23 05:30:00,8898.03
2018-03-24 05:30:00,8546.86
2018-03-25 05:30:00,8470.15
2018-03-26 05:30:00,8134.23
2018-03-27 05:30:00,7795.51
2018-03-28 05:30:00,7949.3
2018-03-29 05:30:00,7090.14
2018-03-30 05:30:00,6840.23
2018-03-31 05:30:00,6923.91
2018-04-01 05:30:00,6813.01
2018-04-02 05:30:00,7056.0
2018-04-03 05:30:00,7405.21
2018-04-04 05:30:00,6796.1
2018-04-05 05:30:00,6770.76
2018-04-06 05:30:00,6601.39
2018-04-07 05:30:00,6895.8
2018-04-08 05:30:00,7018.0
2018-04-09 05:30:00,6782.72
2018-04-10 05:30:00,6843.9
2018-04-11 05:30:00,6953.79
2018-04-12 05:30:00,7923.0
2018-04-13 05:30:00,7877.41
2018-04-14 05:30:00,7999.01
2018-04-15 05:30:00,8355.0
2018-04-16 05:30:00,8064.92
2018-04-17 05:30:00,7885.02
2018-04-18 05:30:00,8173.0
2018-04-19 05:30:00,8278.0
2018-04-20 05:30:00,8856.98
2018-04-21 05:30:00,8915.31
2018-04-22 05:30:00,8787.02
2018-04-23 05:30:00,8934.01
2018-04-24 05:30:00,9619.99
2018-04-25 05:30:00,8869.99
2018-04-26 05:30:00,9266.0
2018-04-27 05:30:00,8915.35
2018-04-28 05:30:00,9348.0
2018-04-29 05:30:00,9419.0
2018-04-30 05:30:00,9246.01
2018-05-01 05:30:00,9071.48
2018-05-02 05:30:00,9247.84
2018-05-03 05:30:00,9750.0
2018-05-04 05:30:00,9713.99
2018-05-05 05:30:00,9864.0
2018-05-06 05:30:00,9659.01
2018-05-07 05:30:00,9365.0
2018-05-08 05:30:00,9187.56
2018-05-09 05:30:00,9310.0
2018-05-10 05:30:00,9002.2
2018-05-11 05:30:00,8400.0
2018-05-12 05:30:00,8465.94
2018-05-13 05:30:00,8679.71
2018-05-14 05:30:00,8663.34
2018-05-15 05:30:00,8462.0
2018-05-16 05:30:00,8330.0
2018-05-17 05:30:00,8041.46
2018-05-18 05:30:00,8239.81
2018-05-19 05:30:00,8233.49
2018-05-20 05:30:00,8526.98
2018-05-21 05:30:00,8381.24
2018-05-22 05:30:00,7977.11
2018-05-23 05:30:00,7501.95
2018-05-24 05:30:00,7575.01
2018-05-25 05:30:00,7457.0
2018-05-26 05:30:00,7333.96
2018-05-27 05:30:00,7338.99
2018-05-28 05:30:00,7099.0
2018-05-29 05:30:00,7461.29
2018-05-30 05:30:00,7375.96
2018-05-31 05:30:00,7485.01
2018-06-01 05:30:00,7521.01
2018-06-02 05:30:00,7640.03
2018-06-03 05:30:00,7714.26
2018-06-04 05:30:00,7487.0
2018-06-05 05:30:00,7625.0
2018-06-06 05:30:00,7658.84
2018-06-07 05:30:00,7691.08
2018-06-08 05:30:00,7603.44
2018-06-09 05:30:00,7491.73
2018-06-10 05:30:00,6764.99
2018-06-11 05:30:00,6872.0
2018-06-12 05:30:00,6530.0
2018-06-13 05:30:00,6292.78
2018-06-14 05:30:00,6635.98
2018-06-15 05:30:00,6388.9
2018-06-16 05:30:00,6483.98
2018-06-17 05:30:00,6449.61
2018-06-18 05:30:00,6712.46
2018-06-19 05:30:00,6741.21
2018-06-20 05:30:00,6761.51
2018-06-21 05:30:00,6718.84
2018-06-22 05:30:00,6045.0
2018-06-23 05:30:00,6149.98
2018-06-24 05:30:00,6136.97
2018-06-25 05:30:00,6252.0
2018-06-26 05:30:00,6070.78
2018-06-27 05:30:00,6133.73
2018-06-28 05:30:00,5853.98
2018-06-29 05:30:00,6197.92
2018-06-30 05:30:00,6390.07
2018-07-01 05:30:00,6356.81
2018-07-02 05:30:00,6615.29
2018-07-03 05:30:00,6513.86
2018-07-04 05:30:00,6586.98
2018-07-05 05:30:00,6529.2
2018-07-06 05:30:00,6609.78
2018-07-07 05:30:00,6756.98
2018-07-08 05:30:00,6712.1
2018-07-09 05:30:00,6662.12
2018-07-10 05:30:00,6296.91
2018-07-11 05:30:00,6378.07
2018-07-12 05:30:00,6250.57
2018-07-13 05:30:00,6214.57
2018-07-14 05:30:00,6251.99
2018-07-15 05:30:00,6353.01
2018-07-16 05:30:00,6723.35
2018-07-17 05:30:00,7317.44
2018-07-18 05:30:00,7381.9
2018-07-19 05:30:00,7466.21
2018-07-20 05:30:00,7337.53
2018-07-21 05:30:00,7398.78
2018-07-22 05:30:00,7394.79
2018-07-23 05:30:00,7721.01
2018-07-24 05:30:00,8397.24
2018-07-25 05:30:00,8175.64
2018-07-26 05:30:00,7920.0
2018-07-27 05:30:00,8188.57
2018-07-28 05:30:00,8225.04
2018-07-29 05:30:00,8211.0
2018-07-30 05:30:00,8173.92
2018-07-31 05:30:00,7730.93
2018-08-01 05:30:00,7604.58
2018-08-02 05:30:00,7525.71
2018-08-03 05:30:00,7418.78
2018-08-04 05:30:00,7009.84
2018-08-05 05:30:00,7024.19
2018-08-06 05:30:00,6934.82
2018-08-07 05:30:00,6720.06
2018-08-08 05:30:00,6285.0
2018-08-09 05:30:00,6529.79
2018-08-10 05:30:00,6144.01
2018-08-11 05:30:00,6232.35
2018-08-12 05:30:00,6308.33
2018-08-13 05:30:00,6246.35
2018-08-14 05:30:00,6188.08
2018-08-15 05:30:00,6267.16
2018-08-16 05:30:00,6311.75
2018-08-17 05:30:00,6584.49
2018-08-18 05:30:00,6387.96
2018-08-19 05:30:00,6477.53
2018-08-20 05:30:00,6254.84
2018-08-21 05:30:00,6480.0
2018-08-22 05:30:00,6360.89
2018-08-23 05:30:00,6525.01
2018-08-24 05:30:00,6681.64
2018-08-25 05:30:00,6733.64
2018-08-26 05:30:00,6700.0
2018-08-27 05:30:00,6908.64
2018-08-28 05:30:00,7076.11
2018-08-29 05:30:00,7031.22
2018-08-30 05:30:00,6984.84
2018-08-31 05:30:00,7011.21
2018-09-01 05:30:00,7200.01
2018-09-02 05:30:00,7302.01
2018-09-03 05:30:00,7263.02
2018-09-04 05:30:00,7359.06
2018-09-05 05:30:00,6700.0
2018-09-06 05:30:00,6516.01
2018-09-07 05:30:00,6395.54
2018-09-08 05:30:00,6185.05
2018-09-09 05:30:00,6250.81
2018-09-10 05:30:00,6312.0
2018-09-11 05:30:00,6294.91
2018-09-12 05:30:00,6338.62
2018-09-13 05:30:00,6487.38
2018-09-14 05:30:00,6476.63
2018-09-15 05:30:00,6514.96
2018-09-16 05:30:00,6505.0
2018-09-17 05:30:00,6248.69
2018-09-18 05:30:00,6336.45
2018-09-19 05:30:00,6391.89
2018-09-20 05:30:00,6492.0
2018-09-21 05:30:00,6759.02
2018-09-22 05:30:00,6723.05
2018-09-23 05:30:00,6708.0
2018-09-24 05:30:00,6581.39
2018-09-25 05:30:00,6447.54
2018-09-26 05:30:00,6465.12
2018-09-27 05:30:00,6689.13
2018-09-28 05:30:00,6634.58
2018-09-29 05:30:00,6596.38
2018-09-30 05:30:00,6626.57
2018-10-01 05:30:00,6611.61
2018-10-02 05:30:00,6525.79
2018-10-03 05:30:00,6510.0
2018-10-04 05:30:00,6593.79
2018-10-05 05:30:00,6635.65
2018-10-06 05:30:00,6594.27
2018-10-07 05:30:00,6615.26
2018-10-08 05:30:00,6673.01
2018-10-09 05:30:00,6656.61
2018-10-10 05:30:00,6631.0
2018-10-11 05:30:00,6252.68
2018-10-12 05:30:00,6298.01
2018-10-13 05:30:00,6332.93
2018-10-14 05:30:00,6339.34
2018-10-15 05:30:00,6752.5
2018-10-16 05:30:00,6759.27
2018-10-17 05:30:00,6740.89
2018-10-18 05:30:00,6618.96
2018-10-19 05:30:00,6528.88
2018-10-20 05:30:00,6588.4
2018-10-21 05:30:00,6590.11
2018-10-22 05:30:00,6581.2
2018-10-23 05:30:00,6553.51
2018-10-24 05:30:00,6565.5
2018-10-25 05:30:00,6528.09
2018-10-26 05:30:00,6538.63
2018-10-27 05:30:00,6505.6
2018-10-28 05:30:00,6489.93
2018-10-29 05:30:00,6344.5
2018-10-30 05:30:00,6330.87
2018-10-31 05:30:00,6371.93
2018-11-01 05:30:00,6410.0
2018-11-02 05:30:00,6433.98
2018-11-03 05:30:00,6387.09
2018-11-04 05:30:00,6485.85
2018-11-05 05:30:00,6468.99
2018-11-06 05:30:00,6519.11
2018-11-07 05:30:00,6578.46
2018-11-08 05:30:00,6479.84
2018-11-09 05:30:00,6419.99
2018-11-10 05:30:00,6433.05
2018-11-11 05:30:00,6449.81
2018-11-12 05:30:00,6453.07
2018-11-13 05:30:00,6457.66
2018-11-14 05:30:00,5922.41
2018-11-15 05:30:00,5753.4
2018-11-16 05:30:00,5655.94
2018-11-17 05:30:00,5628.29
2018-11-18 05:30:00,5662.0
2018-11-19 05:30:00,4910.03
2018-11-20 05:30:00,4558.86
2018-11-21 05:30:00,4661.07
2018-11-22 05:30:00,4370.0
2018-11-23 05:30:00,4420.61
2018-11-24 05:30:00,3932.44
2018-11-25 05:30:00,4085.78
2018-11-26 05:30:00,3862.2
2018-11-27 05:30:00,3875.21
2018-11-28 05:30:00,4264.85
2018-11-29 05:30:00,4295.84
2018-11-30 05:30:00,4041.32
2018-12-01 05:30:00,4190.02
2018-12-02 05:30:00,4161.01
2018-12-03 05:30:00,3884.01
2018-12-04 05:30:00,3951.64
2018-12-05 05:30:00,3769.84
2018-12-06 05:30:00,3508.75
2018-12-07 05:30:00,3403.55
2018-12-08 05:30:00,3410.93
2018-12-09 05:30:00,3545.37
2018-12-10 05:30:00,3432.88
2018-12-11 05:30:00,3380.39
2018-12-12 05:30:00,3445.0
2018-12-13 05:30:00,3302.06
2018-12-14 05:30:00,3224.17
2018-12-15 05:30:00,3211.72
2018-12-16 05:30:00,3228.67
2018-12-17 05:30:00,3509.08
2018-12-18 05:30:00,3652.98
2018-12-19 05:30:00,3662.22
2018-12-20 05:30:00,4049.62
2018-12-21 05:30:00,3838.66
2018-12-22 05:30:00,3948.91
2018-12-23 05:30:00,3929.71
2018-12-24 05:30:00,4008.01
2018-12-25 05:30:00,3745.79
2018-12-26 05:30:00,3777.74
2018-12-27 05:30:00,3567.91
2018-12-28 05:30:00,3839.26
2018-12-29 05:30:00,3695.32
2018-12-30 05:30:00,3801.91
2018-12-31 05:30:00,3702.9
2019-01-01 05:30:00,3797.14
2019-01-02 05:30:00,3858.56
2019-01-03 05:30:00,3766.78
2019-01-04 05:30:00,3792.01
2019-01-05 05:30:00,3770.96
2019-01-06 05:30:00,3987.6
2019-01-07 05:30:00,3975.45
2019-01-08 05:30:00,3955.13
2019-01-09 05:30:00,3966.65
2019-01-10 05:30:00,3585.88
2019-01-11 05:30:00,3601.31
2019-01-12 05:30:00,3583.13
2019-01-13 05:30:00,3476.81
2019-01-14 05:30:00,3626.09
2019-01-15 05:30:00,3553.06
2019-01-16 05:30:00,3591.84
2019-01-17 05:30:00,3616.21
2019-01-18 05:30:00,3594.87
2019-01-19 05:30:00,3665.3
2019-01-20 05:30:00,3539.28
2019-01-21 05:30:00,3526.9
2019-01-22 05:30:00,3570.93
2019-01-23 05:30:00,3552.82
2019-01-24 05:30:00,3569.62
2019-01-25 05:30:00,3565.29
2019-01-26 05:30:00,3565.25
2019-01-27 05:30:00,3550.84
2019-01-28 05:30:00,3434.15
2019-01-29 05:30:00,3411.04
2019-01-30 05:30:00,3458.18
2019-01-31 05:30:00,3434.1
2019-02-01 05:30:00,3462.07
2019-02-02 05:30:00,3504.77
2019-02-03 05:30:00,3458.11
2019-02-04 05:30:00,3463.22
2019-02-05 05:30:00,3471.59
2019-02-06 05:30:00,3405.37
2019-02-07 05:30:00,3398.4
2019-02-08 05:30:00,3659.04
2019-02-09 05:30:00,3665.18
2019-02-10 05:30:00,3680.06
2019-02-11 05:30:00,3631.05
2019-02-12 05:30:00,3631.46
2019-02-13 05:30:00,3609.4
2019-02-14 05:30:00,3590.56
2019-02-15 05:30:00,3602.47
2019-02-16 05:30:00,3618.41
2019-02-17 05:30:00,3667.58
2019-02-18 05:30:00,3898.6
2019-02-19 05:30:00,3907.79
2019-02-20 05:30:00,3969.74
2019-02-21 05:30:00,3937.31
2019-02-22 05:30:00,3962.0
2019-02-23 05:30:00,4117.76
2019-02-24 05:30:00,3743.56
2019-02-25 05:30:00,3827.92
2019-02-26 05:30:00,3809.23
2019-02-27 05:30:00,3818.07
2019-02-28 05:30:00,3813.69
2019-03-01 05:30:00,3823.0
2019-03-02 05:30:00,3819.93
2019-03-03 05:30:00,3807.75
2019-03-04 05:30:00,3715.3
2019-03-05 05:30:00,3857.73
2019-03-06 05:30:00,3861.84
2019-03-07 05:30:00,3873.64
2019-03-08 05:30:00,3864.89
2019-03-09 05:30:00,3943.04
2019-03-10 05:30:00,3916.82
2019-03-11 05:30:00,3871.61
2019-03-12 05:30:00,3882.73
2019-03-13 05:30:00,3866.0
2019-03-14 05:30:00,3877.12
2019-03-15 05:30:00,3923.76
2019-03-16 05:30:00,4005.98
2019-03-17 05:30:00,3981.14
2019-03-18 05:30:00,3987.81
2019-03-19 05:30:00,4015.53
2019-03-20 05:30:00,4043.04
2019-03-21 05:30:00,3980.64
2019-03-22 05:30:00,3986.93
2019-03-23 05:30:00,4006.01
2019-03-24 05:30:00,3992.18
2019-03-25 05:30:00,3936.12
2019-03-26 05:30:00,3948.55
2019-03-27 05:30:00,4038.05
2019-03-28 05:30:00,4027.81
2019-03-29 05:30:00,4103.25
2019-03-30 05:30:00,4106.97
2019-03-31 05:30:00,4103.95
2019-04-01 05:30:00,4144.56
2019-04-02 05:30:00,4857.29
2019-04-03 05:30:00,4932.6
2019-04-04 05:30:00,4898.66
2019-04-05 05:30:00,5004.95
2019-04-06 05:30:00,5043.89
2019-04-07 05:30:00,5170.27
2019-04-08 05:30:00,5236.9
2019-04-09 05:30:00,5150.0
2019-04-10 05:30:00,5308.25
2019-04-11 05:30:00,5017.37
2019-04-12 05:30:00,5048.01
2019-04-13 05:30:00,5045.22
2019-04-14 05:30:00,5131.3
2019-04-15 05:30:00,5024.95
2019-04-16 05:30:00,5173.72
2019-04-17 05:30:00,5202.82
2019-04-18 05:30:00,5258.44
2019-04-19 05:30:00,5258.68
2019-04-20 05:30:00,5291.73
2019-04-21 05:30:00,5256.14
2019-04-22 05:30:00,5357.14
2019-04-23 05:30:00,5493.31
2019-04-24 05:30:00,5415.0
2019-04-25 05:30:00,5219.9
2019-04-26 05:30:00,5314.1
2019-04-27 05:30:00,5295.69
2019-04-28 05:30:00,5307.52
2019-04-29 05:30:00,5238.14
2019-04-30 05:30:00,5320.81
2019-05-01 05:30:00,5383.2
2019-05-02 05:30:00,5492.87
2019-05-03 05:30:00,5772.69
2019-05-04 05:30:00,5829.45
2019-05-05 05:30:00,5775.62
2019-05-06 05:30:00,5747.79
2019-05-07 05:30:00,5846.34
2019-05-08 05:30:00,5987.29
2019-05-09 05:30:00,6209.18
2019-05-10 05:30:00,6373.33
2019-05-11 05:30:00,7076.22
2019-05-12 05:30:00,6967.31
2019-05-13 05:30:00,7790.71
2019-05-14 05:30:00,7947.56
2019-05-15 05:30:00,8169.87
2019-05-16 05:30:00,7866.59
2019-05-17 05:30:00,7355.26
2019-05-18 05:30:00,7257.45
2019-05-19 05:30:00,8148.48
2019-05-20 05:30:00,7938.15
2019-05-21 05:30:00,7904.87
2019-05-22 05:30:00,7628.43
2019-05-23 05:30:00,7851.51
2019-05-24 05:30:00,7964.87
2019-05-25 05:30:00,8025.41
2019-05-26 05:30:00,8614.43
2019-05-27 05:30:00,8756.32
2019-05-28 05:30:00,8715.64
2019-05-29 05:30:00,8645.68
2019-05-30 05:30:00,8269.54
2019-05-31 05:30:00,8555.0
2019-06-01 05:30:00,8544.07
2019-06-02 05:30:00,8725.98
2019-06-03 05:30:00,8115.82
2019-06-04 05:30:00,7687.03
2019-06-05 05:30:00,7776.5
2019-06-06 05:30:00,7786.7
2019-06-07 05:30:00,7980.53
2019-06-08 05:30:00,7893.62
2019-06-09 05:30:00,7628.13
2019-06-10 05:30:00,7982.75
2019-06-11 05:30:00,7884.9
2019-06-12 05:30:00,8127.64
2019-06-13 05:30:00,8218.54
2019-06-14 05:30:00,8650.0
2019-06-15 05:30:00,8808.7
2019-06-16 05:30:00,8953.33
2019-06-17 05:30:00,9313.96
2019-06-18 05:30:00,9081.55
2019-06-19 05:30:00,9255.49
2019-06-20 05:30:00,9517.12
2019-06-21 05:30:00,10159.86
2019-06-22 05:30:00,10729.5
2019-06-23 05:30:00,10906.07
2019-06-24 05:30:00,11056.59
2019-06-25 05:30:00,11820.86
2019-06-26 05:30:00,13093.8
2019-06-27 05:30:00,11329.99
2019-06-28 05:30:00,12400.63
2019-06-29 05:30:00,11903.13
2019-06-30 05:30:00,10854.1
2019-07-01 05:30:00,10624.93
2019-07-02 05:30:00,10842.85
2019-07-03 05:30:00,11940.0
2019-07-04 05:30:00,11145.67
2019-07-05 05:30:00,10970.73
2019-07-06 05:30:00,11256.49
2019-07-07 05:30:00,11406.24
2019-07-08 05:30:00,12238.6
2019-07-09 05:30:00,12543.41
2019-07-10 05:30:00,12108.37
2019-07-11 05:30:00,11342.89
2019-07-12 05:30:00,11757.22
2019-07-13 05:30:00,11355.76
2019-07-14 05:30:00,10174.18
2019-07-15 05:30:00,10838.72
2019-07-16 05:30:00,9439.59
2019-07-17 05:30:00,9667.92
2019-07-18 05:30:00,10627.16
2019-07-19 05:30:00,10504.29
2019-07-20 05:30:00,10740.23
2019-07-21 05:30:00,10589.45
2019-07-22 05:30:00,10340.31
2019-07-23 05:30:00,9864.91
2019-07-24 05:30:00,9763.28
2019-07-25 05:30:00,9879.87
2019-07-26 05:30:00,9824.0
2019-07-27 05:30:00,9476.52
2019-07-28 05:30:00,9541.54
2019-07-29 05:30:00,9507.64
2019-07-30 05:30:00,9574.21
2019-07-31 05:30:00,10080.53
2019-08-01 05:30:00,10374.99
2019-08-02 05:30:00,10523.75
2019-08-03 05:30:00,10816.86
2019-08-04 05:30:00,10929.23
2019-08-05 05:30:00,11828.8
2019-08-06 05:30:00,11481.69
2019-08-07 05:30:00,11975.03
2019-08-08 05:30:00,11999.77
2019-08-09 05:30:00,11879.99
2019-08-10 05:30:00,11309.31
2019-08-11 05:30:00,11549.97
2019-08-12 05:30:00,11396.08
2019-08-13 05:30:00,10892.71
2019-08-14 05:30:00,10050.37
2019-08-15 05:30:00,10293.93
2019-08-16 05:30:00,10331.54
2019-08-17 05:30:00,10216.02
2019-08-18 05:30:00,10306.78
2019-08-19 05:30:00,10915.54
2019-08-20 05:30:00,10760.51
2019-08-21 05:30:00,10142.57
2019-08-22 05:30:00,10099.88
2019-08-23 05:30:00,10389.55
2019-08-24 05:30:00,10134.35
2019-08-25 05:30:00,10142.69
2019-08-26 05:30:00,10372.25
2019-08-27 05:30:00,10185.05
2019-08-28 05:30:00,9721.0
2019-08-29 05:30:00,9498.44
2019-08-30 05:30:00,9584.54
2019-08-31 05:30:00,9587.47
2019-09-01 05:30:00,9724.98
2019-09-02 05:30:00,10340.0
2019-09-03 05:30:00,10615.28
2019-09-04 05:30:00,10567.02
2019-09-05 05:30:00,10564.49
2019-09-06 05:30:00,10298.73
2019-09-07 05:30:00,10455.88
2019-09-08 05:30:00,10381.18
2019-09-09 05:30:00,10303.12
2019-09-10 05:30:00,10098.15
2019-09-11 05:30:00,10158.33
2019-09-12 05:30:00,10415.01
2019-09-13 05:30:00,10342.06
2019-09-14 05:30:00,10335.02
2019-09-15 05:30:00,10302.01
2019-09-16 05:30:00,10251.31
2019-09-17 05:30:00,10187.82
2019-09-18 05:30:00,10156.99
2019-09-19 05:30:00,10244.29
2019-09-20 05:30:00,10168.59
2019-09-21 05:30:00,9986.39
2019-09-22 05:30:00,10028.87
2019-09-23 05:30:00,9702.25
2019-09-24 05:30:00,8493.14
2019-09-25 05:30:00,8430.05
2019-09-26 05:30:00,8063.73
2019-09-27 05:30:00,8177.91
2019-09-28 05:30:00,8198.81
2019-09-29 05:30:00,8043.82
2019-09-30 05:30:00,8289.34
2019-10-01 05:30:00,8292.44
2019-10-02 05:30:00,8359.94
2019-10-03 05:30:00,8223.96
2019-10-04 05:30:00,8137.13
2019-10-05 05:30:00,8126.19
2019-10-06 05:30:00,7854.25
2019-10-07 05:30:00,8190.09
2019-10-08 05:30:00,8168.39
2019-10-09 05:30:00,8560.74
2019-10-10 05:30:00,8558.03
2019-10-11 05:30:00,8258.5
2019-10-12 05:30:00,8300.09
2019-10-13 05:30:00,8275.01
2019-10-14 05:30:00,8348.2
2019-10-15 05:30:00,8159.29
2019-10-16 05:30:00,7991.74
2019-10-17 05:30:00,8070.58
2019-10-18 05:30:00,7947.01
2019-10-19 05:30:00,7948.01
2019-10-20 05:30:00,8223.35
2019-10-21 05:30:00,8197.27
2019-10-22 05:30:00,8020.0
2019-10-23 05:30:00,7466.62
2019-10-24 05:30:00,7412.41
2019-10-25 05:30:00,8655.02
2019-10-26 05:30:00,9230.0
2019-10-27 05:30:00,9529.93
2019-10-28 05:30:00,9205.14
2019-10-29 05:30:00,9407.62
2019-10-30 05:30:00,9154.72
2019-10-31 05:30:00,9140.85
2019-11-01 05:30:00,9231.61
2019-11-02 05:30:00,9289.52
2019-11-03 05:30:00,9194.71
2019-11-04 05:30:00,9393.35
2019-11-05 05:30:00,9308.66
2019-11-06 05:30:00,9339.05
2019-11-07 05:30:00,9216.2
2019-11-08 05:30:00,8773.73
2019-11-09 05:30:00,8809.41
2019-11-10 05:30:00,9039.47
2019-11-11 05:30:00,8733.27
2019-11-12 05:30:00,8821.94
2019-11-13 05:30:00,8777.12
2019-11-14 05:30:00,8646.68
2019-11-15 05:30:00,8471.73
2019-11-16 05:30:00,8491.02
2019-11-17 05:30:00,8502.4
2019-11-18 05:30:00,8187.17
2019-11-19 05:30:00,8133.64
2019-11-20 05:30:00,8098.01
2019-11-21 05:30:00,7627.74
2019-11-22 05:30:00,7268.23
2019-11-23 05:30:00,7311.57
2019-11-24 05:30:00,6903.28
2019-11-25 05:30:00,7109.57
2019-11-26 05:30:00,7156.14
2019-11-27 05:30:00,7508.52
2019-11-28 05:30:00,7419.49
2019-11-29 05:30:00,7739.68
2019-11-30 05:30:00,7541.89
2019-12-01 05:30:00,7390.89
2019-12-02 05:30:00,7294.28
2019-12-03 05:30:00,7292.71
2019-12-04 05:30:00,7194.32
2019-12-05 05:30:00,7389.0
2019-12-06 05:30:00,7527.47
2019-12-07 05:30:00,7488.21
2019-12-08 05:30:00,7510.11
2019-12-09 05:30:00,7338.64
2019-12-10 05:30:00,7224.13
2019-12-11 05:30:00,7210.0
2019-12-12 05:30:00,7198.08
2019-12-13 05:30:00,7258.48
2019-12-14 05:30:00,7064.05
2019-12-15 05:30:00,7118.59
2019-12-16 05:30:00,6891.72
2019-12-17 05:30:00,6623.82
2019-12-18 05:30:00,7277.83
2019-12-19 05:30:00,7150.3
2019-12-20 05:30:00,7187.83
2019-12-21 05:30:00,7132.75
2019-12-22 05:30:00,7501.44
2019-12-23 05:30:00,7317.09
2019-12-24 05:30:00,7255.77
2019-12-25 05:30:00,7204.63
2019-12-26 05:30:00,7202.0
2019-12-27 05:30:00,7254.74
2019-12-28 05:30:00,7316.14
2019-12-29 05:30:00,7388.24
2019-12-30 05:30:00,7246.0
2019-12-31 05:30:00,7195.23
2020-01-01 05:30:00,7200.85
2020-01-02 05:30:00,6965.71
2020-01-03 05:30:00,7344.96
2020-01-04 05:30:00,7354.11
2020-01-05 05:30:00,7358.75
2020-01-06 05:30:00,7758.0
2020-01-07 05:30:00,8145.28
2020-01-08 05:30:00,8055.98
2020-01-09 05:30:00,7817.76
2020-01-10 05:30:00,8197.02
2020-01-11 05:30:00,8020.01
2020-01-12 05:30:00,8184.98
2020-01-13 05:30:00,8110.34
2020-01-14 05:30:00,8810.01
2020-01-15 05:30:00,8821.41
2020-01-16 05:30:00,8720.01
2020-01-17 05:30:00,8913.28
2020-01-18 05:30:00,8915.96
2020-01-19 05:30:00,8701.7
2020-01-20 05:30:00,8642.35
2020-01-21 05:30:00,8736.03
2020-01-22 05:30:00,8682.36
2020-01-23 05:30:00,8404.52
2020-01-24 05:30:00,8439.0
2020-01-25 05:30:00,8340.58
2020-01-26 05:30:00,8615.0
2020-01-27 05:30:00,8907.57
2020-01-28 05:30:00,9374.21
2020-01-29 05:30:00,9301.53
2020-01-30 05:30:00,9513.21
2020-01-31 05:30:00,9352.89
2020-02-01 05:30:00,9384.61
2020-02-02 05:30:00,9331.51
2020-02-03 05:30:00,9292.24
2020-02-04 05:30:00,9197.02
2020-02-05 05:30:00,9612.04
2020-02-06 05:30:00,9772.0
2020-02-07 05:30:00,9813.73
2020-02-08 05:30:00,9895.05
2020-02-09 05:30:00,10151.75
2020-02-10 05:30:00,9851.83
2020-02-11 05:30:00,10223.08
2020-02-12 05:30:00,10326.46
2020-02-13 05:30:00,10229.63
2020-02-14 05:30:00,10344.36
2020-02-15 05:30:00,9904.72
2020-02-16 05:30:00,9917.27
2020-02-17 05:30:00,9706.0
2020-02-18 05:30:00,10164.71
2020-02-19 05:30:00,9593.79
2020-02-20 05:30:00,9596.42
2020-02-21 05:30:00,9677.05
2020-02-22 05:30:00,9650.86
2020-02-23 05:30:00,9936.4
2020-02-24 05:30:00,9656.13
2020-02-25 05:30:00,9315.84
2020-02-26 05:30:00,8785.25
2020-02-27 05:30:00,8823.21
2020-02-28 05:30:00,8692.91
2020-02-29 05:30:00,8523.61
2020-03-01 05:30:00,8531.88
2020-03-02 05:30:00,8915.24
2020-03-03 05:30:00,8760.07
2020-03-04 05:30:00,8750.87
2020-03-05 05:30:00,9054.68
2020-03-06 05:30:00,9131.88
2020-03-07 05:30:00,8886.66
2020-03-08 05:30:00,8033.31
2020-03-09 05:30:00,7929.87
2020-03-10 05:30:00,7894.56
2020-03-11 05:30:00,7934.52
2020-03-12 05:30:00,4800.0
2020-03-13 05:30:00,5578.6
2020-03-14 05:30:00,5172.06
2020-03-15 05:30:00,5361.3
2020-03-16 05:30:00,5028.97
2020-03-17 05:30:00,5312.64
2020-03-18 05:30:00,5393.04
2020-03-19 05:30:00,6162.37
2020-03-20 05:30:00,6208.36
2020-03-21 05:30:00,6186.98
2020-03-22 05:30:00,5816.19
2020-03-23 05:30:00,6467.31
2020-03-24 05:30:00,6744.72
2020-03-25 05:30:00,6677.43
2020-03-26 05:30:00,6737.36
2020-03-27 05:30:00,6359.11
2020-03-28 05:30:00,6236.65
2020-03-29 05:30:00,5881.42
2020-03-30 05:30:00,6394.38
2020-03-31 05:30:00,6410.44
2020-04-01 05:30:00,6642.92
2020-04-02 05:30:00,6794.09
2020-04-03 05:30:00,6734.1
2020-04-04 05:30:00,6856.99
2020-04-05 05:30:00,6772.78
2020-04-06 05:30:00,7329.9
2020-04-07 05:30:00,7197.32
2020-04-08 05:30:00,7361.28
2020-04-09 05:30:00,7283.54
2020-04-10 05:30:00,6858.92
2020-04-11 05:30:00,6876.83
2020-04-12 05:30:00,6903.79
2020-04-13 05:30:00,6837.91
2020-04-14 05:30:00,6868.7
2020-04-15 05:30:00,6621.24
2020-04-16 05:30:00,7101.94
2020-04-17 05:30:00,7027.55
2020-04-18 05:30:00,7248.6
2020-04-19 05:30:00,7120.74
2020-04-20 05:30:00,6826.83
2020-04-21 05:30:00,6841.37
2020-04-22 05:30:00,7125.14
2020-04-23 05:30:00,7482.39
2020-04-24 05:30:00,7505.0
2020-04-25 05:30:00,7538.67
2020-04-26 05:30:00,7693.1
2020-04-27 05:30:00,7774.62
2020-04-28 05:30:00,7738.98
2020-04-29 05:30:00,8778.57
2020-04-30 05:30:00,8620.0
2020-05-01 05:30:00,8826.96
2020-05-02 05:30:00,8972.05
2020-05-03 05:30:00,8894.16
2020-05-04 05:30:00,8871.96
2020-05-05 05:30:00,9021.83
2020-05-06 05:30:00,9142.92
2020-05-07 05:30:00,9986.4
2020-05-08 05:30:00,9800.01
2020-05-09 05:30:00,9539.4
2020-05-10 05:30:00,8722.77
2020-05-11 05:30:00,8561.52
2020-05-12 05:30:00,8810.79
2020-05-13 05:30:00,9309.37
2020-05-14 05:30:00,9791.98
2020-05-15 05:30:00,9316.42
2020-05-16 05:30:00,9381.27
2020-05-17 05:30:00,9680.04
2020-05-18 05:30:00,9733.93
2020-05-19 05:30:00,9775.53
2020-05-20 05:30:00,9511.43
2020-05-21 05:30:00,9068.65
2020-05-22 05:30:00,9170.0
2020-05-23 05:30:00,9179.15
2020-05-24 05:30:00,8720.34
2020-05-25 05:30:00,8900.35
2020-05-26 05:30:00,8841.18
2020-05-27 05:30:00,9204.07
2020-05-28 05:30:00,9575.89
2020-05-29 05:30:00,9427.07
2020-05-30 05:30:00,9697.72
2020-05-31 05:30:00,9448.27
2020-06-01 05:30:00,10200.77
2020-06-02 05:30:00,9518.04
2020-06-03 05:30:00,9666.24
2020-06-04 05:30:00,9789.06
2020-06-05 05:30:00,9621.16
2020-06-06 05:30:00,9666.3
2020-06-07 05:30:00,9746.99
2020-06-08 05:30:00,9782.01
2020-06-09 05:30:00,9772.43
2020-06-10 05:30:00,9885.0
2020-06-11 05:30:00,9280.4
2020-06-12 05:30:00,9465.13
2020-06-13 05:30:00,9473.34
2020-06-14 05:30:00,9342.1
2020-06-15 05:30:00,9426.02
2020-06-16 05:30:00,9525.59
2020-06-17 05:30:00,9465.14
2020-06-18 05:30:00,9386.32
2020-06-19 05:30:00,9310.23
2020-06-20 05:30:00,9358.95
2020-06-21 05:30:00,9294.69
2020-06-22 05:30:00,9685.69
2020-06-23 05:30:00,9624.89
2020-06-24 05:30:00,9296.49
2020-06-25 05:30:00,9249.49
2020-06-26 05:30:00,9162.21
2020-06-27 05:30:00,9012.0
2020-06-28 05:30:00,9116.35
2020-06-29 05:30:00,9192.56
2020-06-30 05:30:00,9138.55
2020-07-01 05:30:00,9232.0
2020-07-02 05:30:00,9086.54
2020-07-03 05:30:00,9058.26
2020-07-04 05:30:00,9135.46
2020-07-05 05:30:00,9069.41
2020-07-06 05:30:00,9344.2
2020-07-07 05:30:00,9257.39
2020-07-08 05:30:00,9436.06
2020-07-09 05:30:00,9232.43
2020-07-10 05:30:00,9288.34
2020-07-11 05:30:00,9234.03
2020-07-12 05:30:00,9302.75
2020-07-13 05:30:00,9242.62
2020-07-14 05:30:00,9255.85
2020-07-15 05:30:00,9197.6
2020-07-16 05:30:00,9133.72
2020-07-17 05:30:00,9154.32
2020-07-18 05:30:00,9170.28
2020-07-19 05:30:00,9208.99
2020-07-20 05:30:00,9160.78
2020-07-21 05:30:00,9390.0
2020-07-22 05:30:00,9518.16
2020-07-23 05:30:00,9603.27
2020-07-24 05:30:00,9537.8
2020-07-25 05:30:00,9700.42
2020-07-26 05:30:00,9931.54
2020-07-27 05:30:00,11029.96
2020-07-28 05:30:00,10906.27
2020-07-29 05:30:00,11100.53
2020-07-30 05:30:00,11099.61
2020-07-31 05:30:00,11335.46
2020-08-01 05:30:00,11801.17
2020-08-02 05:30:00,11071.35
2020-08-03 05:30:00,11219.81
2020-08-04 05:30:00,11191.97
2020-08-05 05:30:00,11744.91
2020-08-06 05:30:00,11762.46
2020-08-07 05:30:00,11594.23
2020-08-08 05:30:00,11761.41
2020-08-09 05:30:00,11681.68
2020-08-10 05:30:00,11892.92
2020-08-11 05:30:00,11392.08
2020-08-12 05:30:00,11564.33
2020-08-13 05:30:00,11780.0
2020-08-14 05:30:00,11760.54
2020-08-15 05:30:00,11852.4
2020-08-16 05:30:00,11911.0
2020-08-17 05:30:00,12281.13
2020-08-18 05:30:00,11945.01
2020-08-19 05:30:00,11754.59
2020-08-20 05:30:00,11853.55
2020-08-21 05:30:00,11531.34
2020-08-22 05:30:00,11662.96
2020-08-23 05:30:00,11648.13
2020-08-24 05:30:00,11748.2
2020-08-25 05:30:00,11318.42
2020-08-26 05:30:00,11461.43
2020-08-27 05:30:00,11330.38
2020-08-28 05:30:00,11526.91
2020-08-29 05:30:00,11465.84
2020-08-30 05:30:00,11711.16
2020-08-31 05:30:00,11649.51
2020-09-01 05:30:00,11921.97
2020-09-02 05:30:00,11388.54
2020-09-03 05:30:00,10140.85
2020-09-04 05:30:00,10446.25
2020-09-05 05:30:00,10166.69
2020-09-06 05:30:00,10256.2
2020-09-07 05:30:00,10373.44
2020-09-08 05:30:00,10126.65
2020-09-09 05:30:00,10219.2
2020-09-10 05:30:00,10336.87
2020-09-11 05:30:00,10387.89
2020-09-12 05:30:00,10440.92
2020-09-13 05:30:00,10332.83
2020-09-14 05:30:00,10671.77
2020-09-15 05:30:00,10785.31
2020-09-16 05:30:00,10954.01
2020-09-17 05:30:00,10939.99
2020-09-18 05:30:00,10933.39
2020-09-19 05:30:00,11080.65
2020-09-20 05:30:00,10920.28
2020-09-21 05:30:00,10417.22
2020-09-22 05:30:00,10529.61
2020-09-23 05:30:00,10241.46
2020-09-24 05:30:00,10736.32
2020-09-25 05:30:00,10686.67
2020-09-26 05:30:00,10728.6
2020-09-27 05:30:00,10774.25
2020-09-28 05:30:00,10696.12
2020-09-29 05:30:00,10840.48
2020-09-30 05:30:00,10776.59
2020-10-01 05:30:00,10619.13
2020-10-02 05:30:00,10570.4
2020-10-03 05:30:00,10542.06
2020-10-04 05:30:00,10666.63
2020-10-05 05:30:00,10792.21
2020-10-06 05:30:00,10599.66
2020-10-07 05:30:00,10666.39
2020-10-08 05:30:00,10925.57
2020-10-09 05:30:00,11050.64
2020-10-10 05:30:00,11293.22
2020-10-11 05:30:00,11369.02
2020-10-12 05:30:00,11528.25
2020-10-13 05:30:00,11420.56
2020-10-14 05:30:00,11417.89
2020-10-15 05:30:00,11505.12
2020-10-16 05:30:00,11319.32
2020-10-17 05:30:00,11360.2
2020-10-18 05:30:00,11503.14
2020-10-19 05:30:00,11751.47
2020-10-20 05:30:00,11909.99
2020-10-21 05:30:00,12780.96
2020-10-22 05:30:00,12968.52
2020-10-23 05:30:00,12923.07
2020-10-24 05:30:00,13111.73
2020-10-25 05:30:00,13028.83
2020-10-26 05:30:00,13052.19
2020-10-27 05:30:00,13636.17
2020-10-28 05:30:00,13266.4
2020-10-29 05:30:00,13455.7
2020-10-30 05:30:00,13560.1
2020-10-31 05:30:00,13791.0
2020-11-01 05:30:00,13761.5
2020-11-02 05:30:00,13549.37
2020-11-03 05:30:00,14023.53
2020-11-04 05:30:00,14144.01
2020-11-05 05:30:00,15590.02
2020-11-06 05:30:00,15579.92
2020-11-07 05:30:00,14818.3
2020-11-08 05:30:00,15475.1
2020-11-09 05:30:00,15328.41
2020-11-10 05:30:00,15297.21
2020-11-11 05:30:00,15684.24
2020-11-12 05:30:00,16291.86
2020-11-13 05:30:00,16320.7
2020-11-14 05:30:00,16070.45
2020-11-15 05:30:00,15957.0
2020-11-16 05:30:00,16713.57
2020-11-17 05:30:00,17659.38
2020-11-18 05:30:00,17776.12
2020-11-19 05:30:00,17802.82
2020-11-20 05:30:00,18655.67
2020-11-21 05:30:00,18703.8
2020-11-22 05:30:00,18414.43
2020-11-23 05:30:00,18368.0
2020-11-24 05:30:00,19160.01
2020-11-25 05:30:00,18719.11
2020-11-26 05:30:00,17149.47
2020-11-27 05:30:00,17139.52
2020-11-28 05:30:00,17719.85
2020-11-29 05:30:00,18184.99
2020-11-30 05:30:00,19695.87
2020-12-01 05:30:00,18764.96
2020-12-02 05:30:00,19204.09
2020-12-03 05:30:00,19421.9
2020-12-04 05:30:00,18650.52
2020-12-05 05:30:00,19147.66
2020-12-06 05:30:00,19359.4
2020-12-07 05:30:00,19166.9
2020-12-08 05:30:00,18324.11
2020-12-09 05:30:00,18541.28
2020-12-10 05:30:00,18254.63
2020-12-11 05:30:00,18036.53
2020-12-12 05:30:00,18808.69
2020-12-13 05:30:00,19174.99
2020-12-14 05:30:00,19273.14
2020-12-15 05:30:00,19426.43
2020-12-16 05:30:00,21335.52
2020-12-17 05:30:00,22797.16
2020-12-18 05:30:00,23107.39
2020-12-19 05:30:00,23821.61
2020-12-20 05:30:00,23455.52
2020-12-21 05:30:00,22719.71
2020-12-22 05:30:00,23810.79
2020-12-23 05:30:00,23232.76
2020-12-24 05:30:00,23729.2
2020-12-25 05:30:00,24712.47
2020-12-26 05:30:00,26493.39
2020-12-27 05:30:00,26281.66
2020-12-28 05:30:00,27079.41
2020-12-29 05:30:00,27385.0
2020-12-30 05:30:00,28875.54
2020-12-31 05:30:00,28923.63
2021-01-01 05:30:00,29331.69
2021-01-02 05:30:00,32178.33
2021-01-03 05:30:00,33000.05
2021-01-04 05:30:00,31988.71
2021-01-05 05:30:00,33949.53
2021-01-06 05:30:00,36769.36
2021-01-07 05:30:00,39432.28
2021-01-08 05:30:00,40582.81
2021-01-09 05:30:00,40088.22
2021-01-10 05:30:00,38150.02
2021-01-11 05:30:00,35404.47
2021-01-12 05:30:00,34051.24
2021-01-13 05:30:00,37371.38
2021-01-14 05:30:00,39144.5
2021-01-15 05:30:00,36742.22
2021-01-16 05:30:00,35994.98
2021-01-17 05:30:00,35828.61
2021-01-18 05:30:00,36631.27
2021-01-19 05:30:00,35891.49
2021-01-20 05:30:00,35468.23
2021-01-21 05:30:00,30850.13
2021-01-22 05:30:00,32945.17
2021-01-23 05:30:00,32078.0
2021-01-24 05:30:00,32259.9
2021-01-25 05:30:00,32254.2
2021-01-26 05:30:00,32467.77
2021-01-27 05:30:00,30366.15
2021-01-28 05:30:00,33364.86
2021-01-29 05:30:00,34252.2
2021-01-30 05:30:00,34262.88
2021-01-31 05:30:00,33092.98
2021-02-01 05:30:00,33526.37
2021-02-02 05:30:00,35466.24
2021-02-03 05:30:00,37618.87
2021-02-04 05:30:00,36936.66
2021-02-05 05:30:00,38290.24
2021-02-06 05:30:00,39186.94
2021-02-07 05:30:00,38795.69
2021-02-08 05:30:00,46374.87
2021-02-09 05:30:00,46420.42
2021-02-10 05:30:00,44807.58
2021-02-11 05:30:00,47969.51
2021-02-12 05:30:00,47287.6
2021-02-13 05:30:00,47153.69
2021-02-14 05:30:00,48577.79
2021-02-15 05:30:00,47911.1
2021-02-16 05:30:00,49133.45
2021-02-17 05:30:00,52119.71
2021-02-18 05:30:00,51552.6
2021-02-19 05:30:00,55906.0
2021-02-20 05:30:00,55841.19
2021-02-21 05:30:00,57408.57
2021-02-22 05:30:00,54087.67
2021-02-23 05:30:00,48891.0
2021-02-24 05:30:00,49676.2
2021-02-25 05:30:00,47073.73
2021-02-26 05:30:00,46276.87
2021-02-27 05:30:00,46106.43
2021-02-28 05:30:00,45135.66
2021-03-01 05:30:00,49587.03
2021-03-02 05:30:00,48440.65
2021-03-03 05:30:00,50349.37
2021-03-04 05:30:00,48374.09
2021-03-05 05:30:00,48751.71
2021-03-06 05:30:00,48882.2
2021-03-07 05:30:00,50971.75
2021-03-08 05:30:00,52375.17
2021-03-09 05:30:00,54884.5
2021-03-10 05:30:00,55851.59
2021-03-11 05:30:00,57773.16
2021-03-12 05:30:00,57221.72
2021-03-13 05:30:00,61188.39
2021-03-14 05:30:00,58968.31
2021-03-15 05:30:00,55605.2
2021-03-16 05:30:00,56900.75
2021-03-17 05:30:00,58912.97
2021-03-18 05:30:00,57648.16
2021-03-19 05:30:00,58030.01
2021-03-20 05:30:00,58102.28
2021-03-21 05:30:00,57351.56
2021-03-22 05:30:00,54083.25
2021-03-23 05:30:00,54340.89
2021-03-24 05:30:00,52303.65
2021-03-25 05:30:00,51293.78
2021-03-26 05:30:00,55025.59
2021-03-27 05:30:00,55817.14
2021-03-28 05:30:00,55777.63
2021-03-29 05:30:00,57635.47
2021-03-30 05:30:00,58746.57
2021-03-31 05:30:00,58740.55
2021-04-01 05:30:00,58720.44
2021-04-02 05:30:00,58950.01
2021-04-03 05:30:00,57051.94
2021-04-04 05:30:00,58202.01
2021-04-05 05:30:00,59129.99
2021-04-06 05:30:00,57991.15
2021-04-07 05:30:00,55953.45
2021-04-08 05:30:00,58077.52
2021-04-09 05:30:00,58142.54
2021-04-10 05:30:00,59769.13
2021-04-11 05:30:00,60002.43
2021-04-12 05:30:00,59860.0
2021-04-13 05:30:00,63575.0
2021-04-14 05:30:00,62959.53
2021-04-15 05:30:00,63159.98
2021-04-16 05:30:00,61334.8
2021-04-17 05:30:00,60006.66
2021-04-18 05:30:00,56150.01
2021-04-19 05:30:00,55633.14
2021-04-20 05:30:00,56425.0
2021-04-21 05:30:00,53787.63
2021-04-22 05:30:00,51690.96
2021-04-23 05:30:00,51125.14
2021-04-24 05:30:00,50047.84
2021-04-25 05:30:00,49066.77
2021-04-26 05:30:00,54001.39
2021-04-27 05:30:00,55011.97
2021-04-28 05:30:00,54846.22
2021-04-29 05:30:00,53555.0
2021-04-30 05:30:00,57694.27
2021-05-01 05:30:00,57800.37
2021-05-02 05:30:00,56578.21
2021-05-03 05:30:00,57169.39
2021-05-04 05:30:00,53200.01
2021-05-05 05:30:00,57436.11
2021-05-06 05:30:00,56393.68
2021-05-07 05:30:00,57314.75
2021-05-08 05:30:00,58862.05
2021-05-09 05:30:00,58240.84
2021-05-10 05:30:00,55816.14
2021-05-11 05:30:00,56670.02
2021-05-12 05:30:00,49631.32
2021-05-13 05:30:00,49670.97
2021-05-14 05:30:00,49841.45
2021-05-15 05:30:00,46762.99
2021-05-16 05:30:00,46431.5
2021-05-17 05:30:00,43538.04
2021-05-18 05:30:00,42849.78
2021-05-19 05:30:00,36690.09
2021-05-20 05:30:00,40526.64
2021-05-21 05:30:00,37252.01
2021-05-22 05:30:00,37449.73
2021-05-23 05:30:00,34655.25
2021-05-24 05:30:00,38796.29
2021-05-25 05:30:00,38324.72
2021-05-26 05:30:00,39241.91
2021-05-27 05:30:00,38529.98
2021-05-28 05:30:00,35663.49
2021-05-29 05:30:00,34605.15
2021-05-30 05:30:00,35641.27
2021-05-31 05:30:00,37253.81
2021-06-01 05:30:00,36693.09
2021-06-02 05:30:00,37568.68
2021-06-03 05:30:00,39246.79
2021-06-04 05:30:00,36829.0
2021-06-05 05:30:00,35513.2
2021-06-06 05:30:00,35796.31
2021-06-07 05:30:00,33552.79
2021-06-08 05:30:00,33380.81
2021-06-09 05:30:00,37388.05
2021-06-10 05:30:00,36675.72
2021-06-11 05:30:00,37331.98
2021-06-12 05:30:00,35546.11
2021-06-13 05:30:00,39020.57
2021-06-14 05:30:00,40516.29
2021-06-15 05:30:00,40144.04
2021-06-16 05:30:00,38349.01
2021-06-17 05:30:00,38092.97
2021-06-18 05:30:00,35819.84
2021-06-19 05:30:00,35483.72
2021-06-20 05:30:00,35600.16
2021-06-21 05:30:00,31608.93
2021-06-22 05:30:00,32509.56
2021-06-23 05:30:00,33678.07
2021-06-24 05:30:00,34663.09
2021-06-25 05:30:00,31584.45
2021-06-26 05:30:00,32283.65
2021-06-27 05:30:00,34700.34
2021-06-28 05:30:00,34494.89
2021-06-29 05:30:00,35911.73
2021-06-30 05:30:00,35045.0
2021-07-01 05:30:00,33504.69
2021-07-02 05:30:00,33786.55
2021-07-03 05:30:00,34669.13
2021-07-04 05:30:00,35286.51
2021-07-05 05:30:00,33690.14
2021-07-06 05:30:00,34220.01
2021-07-07 05:30:00,33862.12
2021-07-08 05:30:00,32875.71
2021-07-09 05:30:00,33815.81
2021-07-10 05:30:00,33502.87
2021-07-11 05:30:00,34258.99
2021-07-12 05:30:00,33086.63
2021-07-13 05:30:00,32729.77
2021-07-14 05:30:00,32820.02
2021-07-15 05:30:00,31880.0
2021-07-16 05:30:00,31383.87
2021-07-17 05:30:00,31520.07
2021-07-18 05:30:00,31778.56
2021-07-19 05:30:00,30839.65
2021-07-20 05:30:00,29790.35
2021-07-21 05:30:00,32144.51
2021-07-22 05:30:00,32287.83
2021-07-23 05:30:00,33634.09
2021-07-24 05:30:00,34258.14
2021-07-25 05:30:00,35381.02
2021-07-26 05:30:00,37237.6
2021-07-27 05:30:00,39457.87
2021-07-28 05:30:00,40019.56
2021-07-29 05:30:00,40016.48
2021-07-30 05:30:00,42206.37
2021-07-31 05:30:00,41461.83
2021-08-01 05:30:00,39845.44
2021-08-02 05:30:00,39147.82
2021-08-03 05:30:00,38207.05
2021-08-04 05:30:00,39723.18
2021-08-05 05:30:00,40862.46
2021-08-06 05:30:00,42836.87
2021-08-07 05:30:00,44572.54
2021-08-08 05:30:00,43794.37
2021-08-09 05:30:00,46253.4
2021-08-10 05:30:00,45584.99
2021-08-11 05:30:00,45511.0
2021-08-12 05:30:00,44399.0
2021-08-13 05:30:00,47800.0
2021-08-14 05:30:00,47068.51
2021-08-15 05:30:00,46973.82
2021-08-16 05:30:00,45901.29
2021-08-17 05:30:00,44695.95
2021-08-18 05:30:00,44705.29
2021-08-19 05:30:00,46760.62
2021-08-20 05:30:00,49322.47
2021-08-21 05:30:00,48821.87
2021-08-22 05:30:00,49239.22
2021-08-23 05:30:00,49488.85
2021-08-24 05:30:00,47674.01
2021-08-25 05:30:00,48973.32
2021-08-26 05:30:00,46843.87
2021-08-27 05:30:00,49069.9
2021-08-28 05:30:00,48895.35
2021-08-29 05:30:00,48767.83
2021-08-30 05:30:00,46982.91
2021-08-31 05:30:00,47100.89
2021-09-01 05:30:00,48810.52
2021-09-02 05:30:00,49246.64
2021-09-03 05:30:00,49999.14
2021-09-04 05:30:00,49915.64
2021-09-05 05:30:00,51756.88
2021-09-06 05:30:00,52663.9
2021-09-07 05:30:00,46863.73
2021-09-08 05:30:00,46048.31
2021-09-09 05:30:00,46395.14
2021-09-10 05:30:00,44850.91
2021-09-11 05:30:00,45173.69
2021-09-12 05:30:00,46025.24
2021-09-13 05:30:00,44940.73
2021-09-14 05:30:00,47111.52
2021-09-15 05:30:00,48121.41
2021-09-16 05:30:00,47737.82
2021-09-17 05:30:00,47299.98
2021-09-18 05:30:00,48292.74
2021-09-19 05:30:00,47241.75
2021-09-20 05:30:00,43015.62
2021-09-21 05:30:00,40734.38
2021-09-22 05:30:00,43543.61
2021-09-23 05:30:00,44865.26
2021-09-24 05:30:00,42810.57
2021-09-25 05:30:00,42670.64
2021-09-26 05:30:00,43160.9
2021-09-27 05:30:00,42147.35
2021-09-28 05:30:00,41026.54
2021-09-29 05:30:00,41524.28
2021-09-30 05:30:00,43824.1
2021-10-01 05:30:00,48141.61
2021-10-02 05:30:00,47634.9
2021-10-03 05:30:00,48200.01
2021-10-04 05:30:00,49224.94
2021-10-05 05:30:00,51471.99
2021-10-06 05:30:00,55315.0
2021-10-07 05:30:00,53785.22
2021-10-08 05:30:00,53951.43
2021-10-09 05:30:00,54949.72
2021-10-10 05:30:00,54659.0
2021-10-11 05:30:00,57471.35
2021-10-12 05:30:00,55996.93
2021-10-13 05:30:00,57367.0
2021-10-14 05:30:00,57347.94
2021-10-15 05:30:00,61672.42
2021-10-16 05:30:00,60875.57
2021-10-17 05:30:00,61528.33
2021-10-18 05:30:00,62009.84
2021-10-19 05:30:00,64280.59
2021-10-20 05:30:00,66001.41
2021-10-21 05:30:00,62193.15
2021-10-22 05:30:00,60688.22
2021-10-23 05:30:00,61286.75
2021-10-24 05:30:00,60852.22
2021-10-25 05:30:00,63078.78
2021-10-26 05:30:00,60328.81
2021-10-27 05:30:00,58413.44
2021-10-28 05:30:00,60575.89
2021-10-29 05:30:00,62253.71
2021-10-30 05:30:00,61859.19
2021-10-31 05:30:00,61299.8
2021-11-01 05:30:00,60911.11
2021-11-02 05:30:00,63219.99
2021-11-03 05:30:00,62896.48
2021-11-04 05:30:00,61395.01
2021-11-05 05:30:00,60937.12
2021-11-06 05:30:00,61470.61
2021-11-07 05:30:00,63273.59
2021-11-08 05:30:00,67525.83
2021-11-09 05:30:00,66947.66
2021-11-10 05:30:00,64882.43
2021-11-11 05:30:00,64774.26
2021-11-12 05:30:00,64122.23
2021-11-13 05:30:00,64380.0
2021-11-14 05:30:00,65519.1
2021-11-15 05:30:00,63606.74
2021-11-16 05:30:00,60058.87
2021-11-17 05:30:00,60344.87
2021-11-18 05:30:00,56891.62
2021-11-19 05:30:00,58052.24
2021-11-20 05:30:00,59707.51
2021-11-21 05:30:00,58622.02
2021-11-22 05:30:00,56247.18
2021-11-23 05:30:00,57541.27
2021-11-24 05:30:00,57138.29
2021-11-25 05:30:00,58960.36
2021-11-26 05:30:00,53726.53
2021-11-27 05:30:00,54721.03
2021-11-28 05:30:00,57274.88
2021-11-29 05:30:00,57776.25
2021-11-30 05:30:00,56950.56
2021-12-01 05:30:00,57184.07
2021-12-02 05:30:00,56480.34
2021-12-03 05:30:00,53601.05
2021-12-04 05:30:00,49152.47
2021-12-05 05:30:00,49396.33
2021-12-06 05:30:00,50441.92
2021-12-07 05:30:00,50588.95
2021-12-08 05:30:00,50471.19
2021-12-09 05:30:00,47545.59
2021-12-10 05:30:00,47140.54
2021-12-11 05:30:00,49389.99
2021-12-12 05:30:00,50053.9
2021-12-13 05:30:00,46702.75
2021-12-14 05:30:00,48343.28
2021-12-15 05:30:00,48864.98
2021-12-16 05:30:00,47632.38
2021-12-17 05:30:00,46131.2
2021-12-18 05:30:00,46834.48
2021-12-19 05:30:00,46681.23
2021-12-20 05:30:00,46914.16
2021-12-21 05:30:00,48889.88
2021-12-22 05:30:00,48588.16
2021-12-23 05:30:00,50838.81
2021-12-24 05:30:00,50820.0
2021-12-25 05:30:00,50399.66
2021-12-26 05:30:00,50775.49
2021-12-27 05:30:00,50701.44
2021-12-28 05:30:00,47543.74
2021-12-29 05:30:00,46464.66
2021-12-30 05:30:00,47120.87
2021-12-31 05:30:00,46216.93
2022-01-01 05:30:00,47722.65
2022-01-02 05:30:00,47286.18
2022-01-03 05:30:00,46446.1
2022-01-04 05:30:00,45832.01
2022-01-05 05:30:00,43451.13
2022-01-06 05:30:00,43082.31
2022-01-07 05:30:00,41566.48
2022-01-08 05:30:00,41679.74
2022-01-09 05:30:00,41864.62
2022-01-10 05:30:00,41822.49
2022-01-11 05:30:00,42729.29
2022-01-12 05:30:00,43902.66
2022-01-13 05:30:00,42560.11
2022-01-14 05:30:00,43059.96
2022-01-15 05:30:00,43084.29
2022-01-16 05:30:00,43071.66
2022-01-17 05:30:00,42201.62
2022-01-18 05:30:00,42352.12
2022-01-19 05:30:00,41660.01
2022-01-20 05:30:00,40680.91
2022-01-21 05:30:00,36445.31
2022-01-22 05:30:00,35071.42
2022-01-23 05:30:00,36244.55
2022-01-24 05:30:00,36660.35
2022-01-25 05:30:00,36958.32
2022-01-26 05:30:00,36809.34
2022-01-27 05:30:00,37160.1
2022-01-28 05:30:00,37716.56
2022-01-29 05:30:00,38166.84
2022-01-30 05:30:00,37881.76
2022-01-31 05:30:00,38466.9
2022-02-01 05:30:00,38694.59
2022-02-02 05:30:00,36896.36
2022-02-03 05:30:00,37311.61
2022-02-04 05:30:00,41574.25
2022-02-05 05:30:00,41382.59
2022-02-06 05:30:00,42380.87
2022-02-07 05:30:00,43839.99
2022-02-08 05:30:00,44042.99
2022-02-09 05:30:00,44372.72
2022-02-10 05:30:00,43495.44
2022-02-11 05:30:00,42373.73
2022-02-12 05:30:00,42217.87
2022-02-13 05:30:00,42053.66
2022-02-14 05:30:00,42535.94
2022-02-15 05:30:00,44544.86
2022-02-16 05:30:00,43873.56
2022-02-17 05:30:00,40515.7
2022-02-18 05:30:00,39974.44
2022-02-19 05:30:00,40079.17
2022-02-20 05:30:00,38386.89
2022-02-21 05:30:00,37008.16
2022-02-22 05:30:00,38230.33
2022-02-23 05:30:00,37250.01
2022-02-24 05:30:00,38327.21
2022-02-25 05:30:00,39219.17
2022-02-26 05:30:00,39116.72
2022-02-27 05:30:00,37699.07
2022-02-28 05:30:00,43160.0
2022-03-01 05:30:00,44421.2
2022-03-02 05:30:00,43892.98
2022-03-03 05:30:00,42454.0
2022-03-04 05:30:00,39148.66
2022-03-05 05:30:00,39397.96
2022-03-06 05:30:00,38420.81
2022-03-07 05:30:00,37988.0
2022-03-08 05:30:00,38730.63
2022-03-09 05:30:00,41941.71
2022-03-10 05:30:00,39422.0
2022-03-11 05:30:00,38729.57
2022-03-12 05:30:00,38807.36
2022-03-13 05:30:00,37777.34
2022-03-14 05:30:00,39671.37
2022-03-15 05:30:00,39280.33
2022-03-16 05:30:00,41114.0
2022-03-17 05:30:00,40917.9
2022-03-18 05:30:00,41757.51
2022-03-19 05:30:00,42201.13
2022-03-20 05:30:00,41262.11
2022-03-21 05:30:00,41002.25
2022-03-22 05:30:00,42364.13
2022-03-23 05:30:00,42882.76
2022-03-24 05:30:00,43991.46
2022-03-25 05:30:00,44313.16
2022-03-26 05:30:00,44511.27
2022-03-27 05:30:00,46827.76
2022-03-28 05:30:00,47122.21
2022-03-29 05:30:00,47434.8
2022-03-30 05:30:00,47067.99
2022-03-31 05:30:00,45510.34
2022-04-01 05:30:00,46283.49
2022-04-02 05:30:00,45811.0
2022-04-03 05:30:00,46407.35
2022-04-04 05:30:00,46580.51
2022-04-05 05:30:00,45497.55
2022-04-06 05:30:00,43170.47
2022-04-07 05:30:00,43444.19
2022-04-08 05:30:00,42252.01
2022-04-09 05:30:00,42753.97
2022-04-10 05:30:00,42158.85
2022-04-11 05:30:00,39530.45
2022-04-12 05:30:00,40074.94
2022-04-13 05:30:00,41147.79
2022-04-14 05:30:00,39942.38
2022-04-15 05:30:00,40551.9
2022-04-16 05:30:00,40378.71
2022-04-17 05:30:00,39678.12
2022-04-18 05:30:00,40801.13
2022-04-19 05:30:00,41493.18
2022-04-20 05:30:00,41358.19
2022-04-21 05:30:00,40480.01
2022-04-22 05:30:00,39709.18
2022-04-23 05:30:00,39441.6
2022-04-24 05:30:00,39450.13
2022-04-25 05:30:00,40426.08
2022-04-26 05:30:00,38112.65
2022-04-27 05:30:00,39235.72
2022-04-28 05:30:00,39742.07
2022-04-29 05:30:00,38596.11
2022-04-30 05:30:00,37630.8
2022-05-01 05:30:00,38468.35
2022-05-02 05:30:00,38525.16
2022-05-03 05:30:00,37728.95
2022-05-04 05:30:00,39690.0
2022-05-05 05:30:00,36552.97
2022-05-06 05:30:00,36013.77
2022-05-07 05:30:00,35472.39
2022-05-08 05:30:00,34038.4
2022-05-09 05:30:00,30076.31
2022-05-10 05:30:00,31017.1
2022-05-11 05:30:00,29103.94
2022-05-12 05:30:00,29029.75
2022-05-13 05:30:00,29287.05
2022-05-14 05:30:00,30086.74
2022-05-15 05:30:00,31328.89
2022-05-16 05:30:00,29874.01
2022-05-17 05:30:00,30444.93
2022-05-18 05:30:00,28715.32
2022-05-19 05:30:00,30319.23
2022-05-20 05:30:00,29201.01
2022-05-21 05:30:00,29445.06
2022-05-22 05:30:00,30293.94
2022-05-23 05:30:00,29109.15
2022-05-24 05:30:00,29654.58
2022-05-25 05:30:00,29542.15
2022-05-26 05:30:00,29201.35
2022-05-27 05:30:00,28629.8
2022-05-28 05:30:00,29031.33
2022-05-29 05:30:00,29468.1
2022-05-30 05:30:00,31734.22
2022-05-31 05:30:00,31801.04
2022-06-01 05:30:00,29805.83
2022-06-02 05:30:00,30452.62
2022-06-03 05:30:00,29700.21
2022-06-04 05:30:00,29864.04
2022-06-05 05:30:00,29919.21
2022-06-06 05:30:00,31373.1
2022-06-07 05:30:00,31125.33
2022-06-08 05:30:00,30204.77
2022-06-09 05:30:00,30109.93
2022-06-10 05:30:00,29091.88
2022-06-11 05:30:00,28424.7
2022-06-12 05:30:00,26574.53
2022-06-13 05:30:00,22487.41
2022-06-14 05:30:00,22136.41
2022-06-15 05:30:00,22583.72
2022-06-16 05:30:00,20401.31
2022-06-17 05:30:00,20468.81
2022-06-18 05:30:00,18970.79
2022-06-19 05:30:00,20574.0
2022-06-20 05:30:00,20573.89
2022-06-21 05:30:00,20723.52
2022-06-22 05:30:00,19987.99
2022-06-23 05:30:00,21110.13
2022-06-24 05:30:00,21237.69
2022-06-25 05:30:00,21491.19
2022-06-26 05:30:00,21038.07
2022-06-27 05:30:00,20742.56
2022-06-28 05:30:00,20281.29
2022-06-29 05:30:00,20123.01
2022-06-30 05:30:00,19942.21
2022-07-01 05:30:00,19279.8
2022-07-02 05:30:00,19252.81
2022-07-03 05:30:00,19315.83
2022-07-04 05:30:00,20236.71
2022-07-05 05:30:00,20175.83
2022-07-06 05:30:00,20564.51
2022-07-07 05:30:00,21624.98
2022-07-08 05:30:00,21594.75
2022-07-09 05:30:00,21591.83
2022-07-10 05:30:00,20862.47
2022-07-11 05:30:00,19963.61
2022-07-12 05:30:00,19328.75
2022-07-13 05:30:00,20234.87
2022-07-14 05:30:00,20588.84
2022-07-15 05:30:00,20830.04
2022-07-16 05:30:00,21195.6
2022-07-17 05:30:00,20798.16
2022-07-18 05:30:00,22432.58
2022-07-19 05:30:00,23396.62
2022-07-20 05:30:00,23223.3
2022-07-21 05:30:00,23152.19
2022-07-22 05:30:00,22684.83
2022-07-23 05:30:00,22451.07
2022-07-24 05:30:00,22579.68
2022-07-25 05:30:00,21310.9
2022-07-26 05:30:00,21254.67
2022-07-27 05:30:00,22952.45
2022-07-28 05:30:00,23842.93
2022-07-29 05:30:00,23773.75
2022-07-30 05:30:00,23643.51
2022-07-31 05:30:00,23293.32
2022-08-01 05:30:00,23268.01
2022-08-02 05:30:00,22987.79
2022-08-03 05:30:00,22818.37
2022-08-04 05:30:00,22622.98
2022-08-05 05:30:00,23312.42
2022-08-06 05:30:00,22954.21
2022-08-07 05:30:00,23174.39
2022-08-08 05:30:00,23810.0
2022-08-09 05:30:00,23149.95
2022-08-10 05:30:00,23954.05
2022-08-11 05:30:00,23934.39
2022-08-12 05:30:00,24403.68
2022-08-13 05:30:00,24441.38
2022-08-14 05:30:00,24305.24
2022-08-15 05:30:00,24094.82
2022-08-16 05:30:00,23854.74
2022-08-17 05:30:00,23342.66
2022-08-18 05:30:00,23191.2
2022-08-19 05:30:00,20834.39
2022-08-20 05:30:00,21140.07
2022-08-21 05:30:00,21515.61
2022-08-22 05:30:00,21399.83
2022-08-23 05:30:00,21529.12
2022-08-24 05:30:00,21368.08
2022-08-25 05:30:00,21559.04
2022-08-26 05:30:00,20241.05
2022-08-27 05:30:00,20037.6
2022-08-28 05:30:00,19555.61
2022-08-29 05:30:00,20285.73
2022-08-30 05:30:00,19811.66
2022-08-31 05:30:00,20050.02
2022-09-01 05:30:00,20131.46
2022-09-02 05:30:00,19951.86
2022-09-03 05:30:00,19831.9
2022-09-04 05:30:00,20000.3
2022-09-05 05:30:00,19796.84
2022-09-06 05:30:00,18790.61
2022-09-07 05:30:00,19292.84
2022-09-08 05:30:00,19319.77
2022-09-09 05:30:00,21360.11
2022-09-10 05:30:00,21648.34
2022-09-11 05:30:00,21826.87
2022-09-12 05:30:00,22395.74
2022-09-13 05:30:00,20173.57
2022-09-14 05:30:00,20226.71
2022-09-15 05:30:00,19701.88
2022-09-16 05:30:00,19803.3
2022-09-17 05:30:00,20113.62
2022-09-18 05:30:00,19416.18
2022-09-19 05:30:00,19537.02
2022-09-20 05:30:00,18875.0
2022-09-21 05:30:00,18461.36
2022-09-22 05:30:00,19401.63
2022-09-23 05:30:00,19289.91
2022-09-24 05:30:00,18920.5
2022-09-25 05:30:00,18807.38
2022-09-26 05:30:00,19227.82
2022-09-27 05:30:00,19079.13
2022-09-28 05:30:00,19412.82
2022-09-29 05:30:00,19591.51
2022-09-30 05:30:00,19422.61
2022-10-01 05:30:00,19310.95
2022-10-02 05:30:00,19056.8
2022-10-03 05:30:00,19629.08
2022-10-04 05:30:00,20337.82
2022-10-05 05:30:00,20158.26
2022-10-06 05:30:00,19960.67
2022-10-07 05:30:00,19530.09
2022-10-08 05:30:00,19417.96
2022-10-09 05:30:00,19439.02
2022-10-10 05:30:00,19131.87
2022-10-11 05:30:00,19060.0
2022-10-12 05:30:00,19155.53
2022-10-13 05:30:00,19375.13
2022-10-14 05:30:00,19176.93
2022-10-15 05:30:00,19069.39
2022-10-16 05:30:00,19262.98
2022-10-17 05:30:00,19549.86
2022-10-18 05:30:00,19327.44
2022-10-19 05:30:00,19123.97
2022-10-20 05:30:00,19041.92
2022-10-21 05:30:00,19164.37
2022-10-22 05:30:00,19204.35
2022-10-23 05:30:00,19570.4
2022-10-24 05:30:00,19329.72
2022-10-25 05:30:00,20080.07
2022-10-26 05:30:00,20771.59
2022-10-27 05:30:00,20295.11
2022-10-28 05:30:00,20591.84
2022-10-29 05:30:00,20809.67
2022-10-30 05:30:00,20627.48
2022-10-31 05:30:00,20490.74
2022-11-01 05:30:00,20483.62
2022-11-02 05:30:00,20151.84
2022-11-03 05:30:00,20207.82
2022-11-04 05:30:00,21148.52
2022-11-05 05:30:00,21299.37
2022-11-06 05:30:00,20905.58
2022-11-07 05:30:00,20591.13
2022-11-08 05:30:00,18547.23
2022-11-09 05:30:00,15922.81
2022-11-10 05:30:00,17601.15
2022-11-11 05:30:00,17070.31
2022-11-12 05:30:00,16812.08
2022-11-13 05:30:00,16329.85
2022-11-14 05:30:00,16619.46
2022-11-15 05:30:00,16900.57
2022-11-16 05:30:00,16662.76
2022-11-17 05:30:00,16692.56
2022-11-18 05:30:00,16700.45
2022-11-19 05:30:00,16700.68
2022-11-20 05:30:00,16280.23
2022-11-21 05:30:00,15781.29
2022-11-22 05:30:00,16226.94
2022-11-23 05:30:00,16603.11
2022-11-24 05:30:00,16598.95
2022-11-25 05:30:00,16522.14
2022-11-26 05:30:00,16458.57
2022-11-27 05:30:00,16428.78
2022-11-28 05:30:00,16212.91
2022-11-29 05:30:00,16442.53
2022-11-30 05:30:00,17163.64
2022-12-01 05:30:00,16977.37
2022-12-02 05:30:00,17092.74
2022-12-03 05:30:00,16885.2
2022-12-04 05:30:00,17105.7
2022-12-05 05:30:00,16966.35
2022-12-06 05:30:00,17088.96
2022-12-07 05:30:00,16836.64
2022-12-08 05:30:00,17224.1
2022-12-09 05:30:00,17128.56
2022-12-10 05:30:00,17127.49
2022-12-11 05:30:00,17085.05
2022-12-12 05:30:00,17209.83
2022-12-13 05:30:00,17774.7
2022-12-14 05:30:00,17803.15
2022-12-15 05:30:00,17356.34
2022-12-16 05:30:00,16632.12
2022-12-17 05:30:00,16776.52
2022-12-18 05:30:00,16738.21
2022-12-19 05:30:00,16438.88
2022-12-20 05:30:00,16895.56
2022-12-21 05:30:00,16824.67
2022-12-22 05:30:00,16821.43
2022-12-23 05:30:00,16778.5
2022-12-24 05:30:00,16836.12
2022-12-25 05:30:00,16832.11
2022-12-26 05:30:00,16919.39
2022-12-27 05:30:00,16706.36
2022-12-28 05:30:00,16547.31
2022-12-29 05:30:00,16633.47
2022-12-30 05:30:00,16607.48
2022-12-31 05:30:00,16542.4
2023-01-01 05:30:00,16616.75
2023-01-02 05:30:00,16672.87
2023-01-03 05:30:00,16675.18
2023-01-04 05:30:00,16850.36
2023-01-05 05:30:00,16831.85
2023-01-06 05:30:00,16950.65
2023-01-07 05:30:00,16943.57
2023-01-08 05:30:00,17127.83
2023-01-09 05:30:00,17178.26
2023-01-10 05:30:00,17440.66
2023-01-11 05:30:00,17943.26
2023-01-12 05:30:00,18846.62
2023-01-13 05:30:00,19930.01
2023-01-14 05:30:00,20954.92
2023-01-15 05:30:00,20871.5
2023-01-16 05:30:00,21185.65
2023-01-17 05:30:00,21134.81
2023-01-18 05:30:00,20677.47
2023-01-19 05:30:00,21071.59
2023-01-20 05:30:00,22667.21
2023-01-21 05:30:00,22783.55
2023-01-22 05:30:00,22707.88
2023-01-23 05:30:00,22916.45
2023-01-24 05:30:00,22632.89
2023-01-25 05:30:00,23060.94
2023-01-26 05:30:00,23009.65
2023-01-27 05:30:00,23074.16
2023-01-28 05:30:00,23022.6
2023-01-29 05:30:00,23742.3
2023-01-30 05:30:00,22826.15
2023-01-31 05:30:00,23125.13
2023-02-01 05:30:00,23732.66
2023-02-02 05:30:00,23488.94
2023-02-03 05:30:00,23431.9
2023-02-04 05:30:00,23326.84
2023-02-05 05:30:00,22932.91
2023-02-06 05:30:00,22762.52
2023-02-07 05:30:00,23240.46
2023-02-08 05:30:00,22963.0
2023-02-09 05:30:00,21796.35
2023-02-10 05:30:00,21625.19
2023-02-11 05:30:00,21862.55
2023-02-12 05:30:00,21783.54
2023-02-13 05:30:00,21773.97
2023-02-14 05:30:00,22199.84
2023-02-15 05:30:00,24324.05
2023-02-16 05:30:00,23517.72
2023-02-17 05:30:00,24569.97
2023-02-18 05:30:00,24631.95
2023-02-19 05:30:00,24271.76
2023-02-20 05:30:00,24842.2
2023-02-21 05:30:00,24452.16
2023-02-22 05:30:00,24182.21
2023-02-23 05:30:00,23940.2
2023-02-24 05:30:00,23185.29
2023-02-25 05:30:00,23157.07
2023-02-26 05:30:00,23554.85
2023-02-27 05:30:00,23492.09
2023-02-28 05:30:00,23141.57
2023-03-01 05:30:00,23628.97
2023-03-02 05:30:00,23465.32
2023-03-03 05:30:00,22354.34
2023-03-04 05:30:00,22346.57
2023-03-05 05:30:00,22430.24
2023-03-06 05:30:00,22410.0
2023-03-07 05:30:00,22197.96
2023-03-08 05:30:00,21705.44
2023-03-09 05:30:00,20362.22
2023-03-10 05:30:00,20150.69
2023-03-11 05:30:00,20455.73
2023-03-12 05:30:00,21997.11
2023-03-13 05:30:00,24113.48
2023-03-14 05:30:00,24670.41
2023-03-15 05:30:00,24285.66
2023-03-16 05:30:00,24998.78
2023-03-17 05:30:00,27395.13
2023-03-18 05:30:00,26907.49
2023-03-19 05:30:00,27972.87
2023-03-20 05:30:00,27717.01
2023-03-21 05:30:00,28105.47
2023-03-22 05:30:00,27250.97
2023-03-23 05:30:00,28295.41
2023-03-24 05:30:00,27454.47
2023-03-25 05:30:00,27462.95
2023-03-26 05:30:00,27968.05
2023-03-27 05:30:00,27124.91
2023-03-28 05:30:00,27261.07
2023-03-29 05:30:00,28348.6
2023-03-30 05:30:00,28028.53
2023-03-31 05:30:00,28465.36
2023-04-01 05:30:00,28452.73
2023-04-02 05:30:00,28171.87
2023-04-03 05:30:00,27800.0
2023-04-04 05:30:00,28165.47
2023-04-05 05:30:00,28170.01
2023-04-06 05:30:00,28033.82
2023-04-07 05:30:00,27906.33
2023-04-08 05:30:00,27938.38
2023-04-09 05:30:00,28323.76
2023-04-10 05:30:00,29637.34
2023-04-11 05:30:00,30200.42
2023-04-12 05:30:00,29888.07
2023-04-13 05:30:00,30373.84
2023-04-14 05:30:00,30466.93
2023-04-15 05:30:00,30295.09
2023-04-16 05:30:00,30304.65
2023-04-17 05:30:00,29430.27
2023-04-18 05:30:00,30380.01
2023-04-19 05:30:00,28797.1
2023-04-20 05:30:00,28243.65
2023-04-21 05:30:00,27262.84
2023-04-22 05:30:00,27816.85
2023-04-23 05:30:00,27590.6
2023-04-24 05:30:00,27510.93
2023-04-25 05:30:00,28300.79
2023-04-26 05:30:00,28415.29
2023-04-27 05:30:00,29472.77
2023-04-28 05:30:00,29311.7
2023-04-29 05:30:00,29230.45
2023-04-30 05:30:00,29233.21
2023-05-01 05:30:00,28068.26
2023-05-02 05:30:00,28669.86
2023-05-03 05:30:00,29026.16
2023-05-04 05:30:00,28838.16
2023-05-05 05:30:00,29505.61
2023-05-06 05:30:00,28848.2
2023-05-07 05:30:00,28430.1
2023-05-08 05:30:00,27668.79
2023-05-09 05:30:00,27628.27
2023-05-10 05:30:00,27598.75
2023-05-11 05:30:00,26968.62
2023-05-12 05:30:00,26795.01
2023-05-13 05:30:00,26775.28
2023-05-14 05:30:00,26917.62
2023-05-15 05:30:00,27162.14
2023-05-16 05:30:00,27033.84
2023-05-17 05:30:00,27405.61
2023-05-18 05:30:00,26821.28
2023-05-19 05:30:00,26880.26
2023-05-20 05:30:00,27102.43
2023-05-21 05:30:00,26747.78
2023-05-22 05:30:00,26849.27
2023-05-23 05:30:00,27219.61
2023-05-24 05:30:00,26329.01
2023-05-25 05:30:00,26473.79
2023-05-26 05:30:00,26705.92
2023-05-27 05:30:00,26854.27
2023-05-28 05:30:00,28065.0
2023-05-29 05:30:00,27736.4
2023-05-30 05:30:00,27694.4
2023-05-31 05:30:00,27210.35
2023-06-01 05:30:00,26817.93
2023-06-02 05:30:00,27242.59
2023-06-03 05:30:00,27069.22
2023-06-04 05:30:00,27115.21
2023-06-05 05:30:00,25728.2
2023-06-06 05:30:00,27230.08
2023-06-07 05:30:00,26339.34
2023-06-08 05:30:00,26498.61
2023-06-09 05:30:00,26477.81
2023-06-10 05:30:00,25841.21
2023-06-11 05:30:00,25925.55
2023-06-12 05:30:00,25905.19
2023-06-13 05:30:00,25934.25
2023-06-14 05:30:00,25128.6
2023-06-15 05:30:00,25598.49
2023-06-16 05:30:00,26345.0
2023-06-17 05:30:00,26516.99
2023-06-18 05:30:00,26339.97
2023-06-19 05:30:00,26844.35
2023-06-20 05:30:00,28307.99
2023-06-21 05:30:00,29993.89
2023-06-22 05:30:00,29884.92
2023-06-23 05:30:00,30688.5
2023-06-24 05:30:00,30527.43
2023-06-25 05:30:00,30462.66
2023-06-26 05:30:00,30267.99
2023-06-27 05:30:00,30692.44
2023-06-28 05:30:00,30077.41
2023-06-29 05:30:00,30447.31
2023-06-30 05:30:00,30472.0
2023-07-01 05:30:00,30585.9
2023-07-02 05:30:00,30617.03
2023-07-03 05:30:00,31156.2
2023-07-04 05:30:00,30766.51
2023-07-05 05:30:00,30504.81
2023-07-06 05:30:00,29895.43
2023-07-07 05:30:00,30344.7
2023-07-08 05:30:00,30284.63
2023-07-09 05:30:00,30160.71
2023-07-10 05:30:00,30411.57
2023-07-11 05:30:00,30622.1
2023-07-12 05:30:00,30380.0
2023-07-13 05:30:00,31454.23
2023-07-14 05:30:00,30312.01
2023-07-15 05:30:00,30289.52
2023-07-16 05:30:00,30231.99
2023-07-17 05:30:00,30138.0
2023-07-18 05:30:00,29859.13
2023-07-19 05:30:00,29909.21
2023-07-20 05:30:00,29800.0
2023-07-21 05:30:00,29901.72
2023-07-22 05:30:00,29794.0
2023-07-23 05:30:00,30083.75
2023-07-24 05:30:00,29176.5
2023-07-25 05:30:00,29228.91
2023-07-26 05:30:00,29351.96
2023-07-27 05:30:00,29222.78
2023-07-28 05:30:00,29314.14
2023-07-29 05:30:00,29352.9
2023-07-30 05:30:00,29281.09
2023-07-31 05:30:00,29232.25
2023-08-01 05:30:00,29705.99
2023-08-02 05:30:00,29186.01
2023-08-03 05:30:00,29193.64
2023-08-04 05:30:00,29113.99
2023-08-05 05:30:00,29072.13
2023-08-06 05:30:00,29088.42
2023-08-07 05:30:00,29211.06
2023-08-08 05:30:00,29770.42
2023-08-09 05:30:00,29581.99
2023-08-10 05:30:00,29455.75
2023-08-11 05:30:00,29426.03
2023-08-12 05:30:00,29430.17
2023-08-13 05:30:00,29303.84
2023-08-14 05:30:00,29430.93
2023-08-15 05:30:00,29200.0
2023-08-16 05:30:00,28730.51
2023-08-17 05:30:00,26623.41
2023-08-18 05:30:00,26054.0
2023-08-19 05:30:00,26100.01
2023-08-20 05:30:00,26189.99
2023-08-21 05:30:00,26126.92
2023-08-22 05:30:00,26056.0
2023-08-23 05:30:00,26432.72
2023-08-24 05:30:00,26180.05
2023-08-25 05:30:00,26060.01
2023-08-26 05:30:00,26017.37
2023-08-27 05:30:00,26101.77
2023-08-28 05:30:00,26120.0
2023-08-29 05:30:00,27716.34
2023-08-30 05:30:00,27299.99
2023-08-31 05:30:00,25940.78
2023-09-01 05:30:00,25805.05
2023-09-02 05:30:00,25869.51
2023-09-03 05:30:00,25971.21
2023-09-04 05:30:00,25826.02
2023-09-05 05:30:00,25792.1
2023-09-06 05:30:00,25759.95
2023-09-07 05:30:00,26255.0
2023-09-08 05:30:00,25910.5
2023-09-09 05:30:00,25901.61
2023-09-10 05:30:00,25841.61
2023-09-11 05:30:00,25162.52
2023-09-12 05:30:00,25840.1
2023-09-13 05:30:00,26222.0
2023-09-14 05:30:00,26522.73
2023-09-15 05:30:00,26600.0
2023-09-16 05:30:00,26559.67
2023-09-17 05:30:00,26527.51
2023-09-18 05:30:00,26762.51
2023-09-19 05:30:00,27210.26
2023-09-20 05:30:00,27125.0
2023-09-21 05:30:00,26568.08
2023-09-22 05:30:00,26580.14
2023-09-23 05:30:00,26575.96
2023-09-24 05:30:00,26248.38
2023-09-25 05:30:00,26304.81
2023-09-26 05:30:00,26221.67
2023-09-27 05:30:00,26372.99
2023-09-28 05:30:00,27021.39
2023-09-29 05:30:00,26906.96
2023-09-30 05:30:00,26962.56
2023-10-01 05:30:00,27992.57
2023-10-02 05:30:00,27494.51
2023-10-03 05:30:00,27426.46
2023-10-04 05:30:00,27778.57
2023-10-05 05:30:00,27410.39
2023-10-06 05:30:00,27931.09
2023-10-07 05:30:00,27956.67
2023-10-08 05:30:00,27917.05
2023-10-09 05:30:00,27590.12
2023-10-10 05:30:00,27390.12
2023-10-11 05:30:00,26875.52
2023-10-12 05:30:00,26759.63
2023-10-13 05:30:00,26862.0
2023-10-14 05:30:00,26852.48
2023-10-15 05:30:00,27154.15
2023-10-16 05:30:00,28500.78
2023-10-17 05:30:00,28395.91
2023-10-18 05:30:00,28320.0
2023-10-19 05:30:00,28713.71
2023-10-20 05:30:00,29669.04
2023-10-21 05:30:00,29909.8
2023-10-22 05:30:00,29992.46
2023-10-23 05:30:00,33069.99
2023-10-24 05:30:00,33922.73
2023-10-25 05:30:00,34496.05
2023-10-26 05:30:00,34151.66
2023-10-27 05:30:00,33892.02
2023-10-28 05:30:00,34081.0
2023-10-29 05:30:00,34525.89
2023-10-30 05:30:00,34474.73
2023-10-31 05:30:00,34639.77
2023-11-01 05:30:00,35421.43
2023-11-02 05:30:00,34941.59
2023-11-03 05:30:00,34716.78
2023-11-04 05:30:00,35062.07
2023-11-05 05:30:00,35011.88
2023-11-06 05:30:00,35046.09
2023-11-07 05:30:00,35399.12
2023-11-08 05:30:00,35624.72
2023-11-09 05:30:00,36701.09
2023-11-10 05:30:00,37301.63
2023-11-11 05:30:00,37130.0
2023-11-12 05:30:00,37064.13
2023-11-13 05:30:00,36462.93
2023-11-14 05:30:00,35551.19
2023-11-15 05:30:00,37858.2
2023-11-16 05:30:00,36163.51
2023-11-17 05:30:00,36613.92
2023-11-18 05:30:00,36568.1
2023-11-19 05:30:00,37359.86
2023-11-20 05:30:00,37448.78
2023-11-21 05:30:00,35741.65
2023-11-22 05:30:00,37408.34
2023-11-23 05:30:00,37294.28
2023-11-24 05:30:00,37713.57
2023-11-25 05:30:00,37780.67
2023-11-26 05:30:00,37447.43
2023-11-27 05:30:00,37242.7
2023-11-28 05:30:00,37818.87
2023-11-29 05:30:00,37854.64
2023-11-30 05:30:00,37723.96
2023-12-01 05:30:00,38682.52
2023-12-02 05:30:00,39450.35
2023-12-03 05:30:00,39972.26
2023-12-04 05:30:00,41991.1
2023-12-05 05:30:00,44073.32
2023-12-06 05:30:00,43762.69
2023-12-07 05:30:00,43273.14
2023-12-08 05:30:00,44170.99
2023-12-09 05:30:00,43713.6
2023-12-10 05:30:00,43789.51
2023-12-11 05:30:00,41253.4
2023-12-12 05:30:00,41492.39
2023-12-13 05:30:00,42869.03
2023-12-14 05:30:00,43022.26
2023-12-15 05:30:00,41940.3
2023-12-16 05:30:00,42278.03
2023-12-17 05:30:00,41374.65
2023-12-18 05:30:00,42657.8
2023-12-19 05:30:00,42275.99
2023-12-20 05:30:00,43668.93
2023-12-21 05:30:00,43861.8
2023-12-22 05:30:00,43969.04
2023-12-23 05:30:00,43702.16
2023-12-24 05:30:00,42991.5
2023-12-25 05:30:00,43576.13
2023-12-26 05:30:00,42508.93
2023-12-27 05:30:00,43428.85
2023-12-28 05:30:00,42563.76
2023-12-29 05:30:00,42066.95
2023-12-30 05:30:00,42140.28
2023-12-31 05:30:00,42283.58
2024-01-01 05:30:00,44179.55
2024-01-02 05:30:00,44946.91
2024-01-03 05:30:00,42845.23
2024-01-04 05:30:00,44151.1
2024-01-05 05:30:00,44145.11
2024-01-06 05:30:00,43968.32
2024-01-07 05:30:00,43929.02
2024-01-08 05:30:00,46951.04
2024-01-09 05:30:00,46110.0
2024-01-10 05:30:00,46653.99
2024-01-11 05:30:00,46339.16
2024-01-12 05:30:00,42782.73
2024-01-13 05:30:00,42847.99
2024-01-14 05:30:00,41732.35
2024-01-15 05:30:00,42511.1
2024-01-16 05:30:00,43137.95
2024-01-17 05:30:00,42776.1
2024-01-18 05:30:00,41327.5
2024-01-19 05:30:00,41659.03
2024-01-20 05:30:00,41696.04
2024-01-21 05:30:00,41580.33
2024-01-22 05:30:00,39568.02
2024-01-23 05:30:00,39897.6
2024-01-24 05:30:00,40084.88
2024-01-25 05:30:00,39961.09
2024-01-26 05:30:00,41823.51
2024-01-27 05:30:00,42120.63
2024-01-28 05:30:00,42031.06
2024-01-29 05:30:00,43302.7
2024-01-30 05:30:00,42941.1
2024-01-31 05:30:00,42580.0
2024-02-01 05:30:00,43082.94
2024-02-02 05:30:00,43200.0
2024-02-03 05:30:00,43011.09
2024-02-04 05:30:00,42582.88
2024-02-05 05:30:00,42708.7
2024-02-06 05:30:00,43095.87
